Tamanho_m2,Quartos,Banheiros,Idade,Preço,Categoria,Localizacao_Zona Leste,Localizacao_Zona Norte,Localizacao_Zona Sul,Acabamento_Padrão,Acabamento_Superior
0.9292929292929294,0.0,0.0,0.6666666666666666,0.2820073005387753,Médio,False,False,False,True,False
0.14141414141414144,1.0,1.0,0.05555555555555555,0.1740753629604923,Médio,False,False,False,False,False
0.7171717171717172,1.0,1.0,0.4444444444444444,0.38105618118365614,Médio,False,False,True,True,False
0.2020202020202021,1.0,0.0,0.4444444444444444,0.393441638891336,Médio,False,False,False,True,False
0.8686868686868688,1.0,1.0,0.5555555555555555,0.12589677186595039,Médio,False,False,True,True,False
0.7474747474747475,0.0,0.0,0.16666666666666666,0.23773572954034194,Médio,False,True,False,True,False
0.02020202020202022,1.0,0.0,0.5555555555555555,0.38865380141632766,Médio,False,True,False,False,True
0.21212121212121215,1.0,0.0,0.7777777777777777,0.0663670473365181,Médio,False,False,True,False,True
0.5252525252525254,0.0,0.0,0.22222222222222224,0.019192023425580795,Médio,False,False,True,True,False
0.3737373737373738,1.0,1.0,0.8888888888888888,0.23521918564349276,Médio,True,False,False,False,False
0.010101010101010166,0.0,0.0,0.5,0.34626648642172486,Médio,False,True,False,False,True
0.6363636363636364,0.0,0.0,0.2777777777777778,0.030178912650629774,Médio,False,False,False,False,True
0.7575757575757577,0.0,1.0,0.5,0.26639926082979226,Médio,False,False,False,True,False
0.888888888888889,0.0,1.0,0.1111111111111111,0.31863561124952544,Médio,True,False,False,False,False
0.9191919191919192,1.0,1.0,0.7777777777777777,0.27840962235727607,Médio,False,False,True,False,True
0.5959595959595959,1.0,1.0,0.1111111111111111,0.2825755839757038,Médio,False,False,True,True,False
0.14141414141414144,0.0,1.0,0.05555555555555555,0.010289836898114912,Médio,True,False,False,False,True
0.5050505050505051,0.0,1.0,0.5,0.3129454059430181,Médio,False,True,False,False,True
0.5454545454545455,0.0,0.0,0.05555555555555555,0.3411366275728511,Médio,False,False,True,False,True
0.6363636363636364,0.0,1.0,0.0,0.07918618496332341,Médio,False,False,True,True,False
0.02020202020202022,1.0,1.0,0.16666666666666666,0.4443245129856852,Médio,False,False,False,False,True
0.5050505050505051,0.0,1.0,0.7222222222222221,0.26193573761998756,Médio,True,False,False,True,False
0.06060606060606066,1.0,1.0,0.0,0.34456347503592544,Médio,False,False,False,False,True
0.38383838383838387,1.0,1.0,0.7222222222222221,0.18635541896228336,Médio,False,False,True,True,False
0.1717171717171717,1.0,1.0,0.1111111111111111,0.3737881195495938,Médio,False,False,False,False,True
0.888888888888889,1.0,1.0,0.4444444444444444,0.061994997736757984,Médio,True,False,False,True,False
0.5959595959595959,0.0,0.0,0.2777777777777778,0.09265450865701164,Médio,True,False,False,False,True
0.13131313131313138,1.0,1.0,0.6666666666666666,0.16333265495784577,Médio,False,False,False,False,True
0.8989898989898991,1.0,1.0,0.38888888888888884,0.15097061510094079,Médio,True,False,False,True,False
0.010101010101010166,0.0,0.0,0.16666666666666666,0.44825467660534235,Médio,False,False,True,True,False
0.9191919191919192,1.0,1.0,0.16666666666666666,0.24749522170148053,Médio,True,False,False,False,False
0.5959595959595959,1.0,0.0,0.6666666666666666,0.4725856675506719,Médio,False,False,True,False,False
0.3535353535353536,1.0,1.0,1.0,0.05577024464070757,Médio,False,True,False,False,True
0.4949494949494949,0.0,1.0,1.0,0.006871323308704436,Médio,True,False,False,False,True
0.030303030303030276,0.0,1.0,0.22222222222222224,0.21316357090959004,Médio,True,False,False,False,False
0.0505050505050505,0.0,1.0,0.05555555555555555,0.4126127342484862,Médio,False,False,True,False,False
0.5353535353535354,1.0,0.0,0.5,0.4037905882481747,Médio,False,True,False,False,False
0.6262626262626264,0.0,1.0,0.7777777777777777,0.31495107538245404,Médio,False,False,True,False,False
0.8989898989898991,0.0,0.0,1.0,0.2725576160770897,Médio,True,False,False,False,True
0.43434343434343436,1.0,1.0,0.4444444444444444,0.19124933030362012,Médio,False,False,False,False,False
0.33333333333333337,0.0,1.0,0.1111111111111111,0.18525093373534118,Médio,False,False,False,False,False
0.7373737373737373,1.0,1.0,0.4444444444444444,0.3432798955329692,Médio,True,False,False,False,False
0.6161616161616162,0.0,0.0,0.7222222222222221,0.4314388395382811,Médio,False,True,False,False,True
0.13131313131313138,1.0,1.0,0.33333333333333326,0.1202818916970364,Médio,False,False,False,True,False
0.14141414141414144,1.0,0.0,0.0,0.28892714301336886,Médio,False,True,False,False,False
0.7171717171717172,0.0,0.0,0.16666666666666666,0.49452187310790574,Médio,True,False,False,False,True
0.7777777777777778,1.0,1.0,0.16666666666666666,0.30096605941398513,Médio,False,True,False,False,False
0.6161616161616162,0.0,0.0,0.38888888888888884,0.4353388097083497,Médio,False,False,False,False,True
0.39393939393939403,1.0,0.0,0.8888888888888888,0.16495287273796166,Médio,False,False,True,True,False
0.8484848484848485,0.0,1.0,0.22222222222222224,0.11696223935700889,Médio,False,True,False,True,False
0.5252525252525254,0.0,0.0,0.2777777777777778,0.3451364674162207,Médio,True,False,False,False,False
0.44444444444444453,1.0,0.0,0.22222222222222224,0.40089295905494127,Médio,False,False,True,False,True
0.6464646464646465,1.0,0.0,0.22222222222222224,0.3279131290763959,Médio,False,False,True,True,False
0.888888888888889,0.0,1.0,0.05555555555555555,0.01081827646655198,Médio,True,False,False,False,False
0.8787878787878788,1.0,1.0,0.5,0.10479102999308743,Médio,False,False,True,False,False
0.07070707070707072,0.0,1.0,0.22222222222222224,0.46558257156288785,Médio,False,False,True,False,False
0.8787878787878788,0.0,0.0,0.0,0.11909573696086129,Médio,False,True,False,False,True
0.101010101010101,0.0,0.0,0.9444444444444444,0.21542008894193576,Médio,False,True,False,False,True
0.8080808080808081,0.0,0.0,0.6666666666666666,0.06743979795066868,Médio,False,False,True,True,False
0.3434343434343434,1.0,0.0,0.6666666666666666,0.032526714145644675,Médio,False,False,False,True,False
0.4040404040404041,0.0,0.0,0.1111111111111111,0.10359733758030032,Médio,False,False,True,True,False
0.2727272727272727,1.0,0.0,0.8888888888888888,0.17309977067643056,Médio,False,False,False,True,False
0.7272727272727274,0.0,1.0,0.16666666666666666,0.2973689975705882,Médio,False,False,False,True,False
0.3232323232323233,1.0,1.0,0.38888888888888884,0.2605532053756663,Médio,False,False,False,False,True
0.2222222222222222,1.0,1.0,0.4444444444444444,0.4327195777819859,Médio,False,False,False,False,True
0.6161616161616162,0.0,0.0,0.2777777777777778,0.3487100996449759,Médio,False,False,True,False,True
0.8787878787878788,1.0,0.0,0.5,0.05049576599363792,Médio,False,False,False,True,False
0.36363636363636365,0.0,0.0,0.5,0.052919992367146285,Médio,False,False,False,False,True
0.43434343434343436,1.0,1.0,0.8888888888888888,0.4595085820802616,Médio,False,False,True,False,False
0.8585858585858587,1.0,1.0,0.4444444444444444,0.22728741549308007,Médio,False,False,False,False,True
0.3434343434343434,0.0,1.0,0.4444444444444444,0.2537165261479917,Médio,False,False,True,False,False
0.98989898989899,1.0,0.0,0.0,0.36044116176586716,Médio,False,True,False,True,False
0.02020202020202022,1.0,0.0,0.0,0.4789982856817443,Médio,True,False,False,False,False
0.0,1.0,0.0,0.5,0.3520220199931794,Médio,True,False,False,False,False
0.04040404040404044,0.0,1.0,0.9444444444444444,0.363803996092672,Médio,False,True,False,True,False
0.13131313131313138,0.0,0.0,0.5555555555555555,0.3293027759085507,Médio,True,False,False,True,False
0.26262626262626265,0.0,0.0,0.05555555555555555,0.20976375306515183,Médio,True,False,False,False,False
0.08080808080808077,0.0,0.0,0.38888888888888884,0.08495534138178895,Médio,False,True,False,False,True
0.787878787878788,1.0,0.0,0.38888888888888884,0.4683035296332074,Médio,False,True,False,False,False
0.14141414141414144,1.0,0.0,0.8888888888888888,0.4837968024495556,Médio,False,True,False,True,False
0.41414141414141414,0.0,1.0,0.8888888888888888,0.22198590724426825,Médio,False,True,False,True,False
0.7676767676767678,0.0,1.0,0.6666666666666666,0.3823002918065046,Médio,True,False,False,True,False
0.9595959595959597,0.0,1.0,0.611111111111111,0.38593282399918416,Médio,False,False,True,True,False
0.5151515151515152,0.0,0.0,0.0,0.4607078135316611,Médio,False,True,False,False,False
0.9595959595959597,1.0,0.0,0.22222222222222224,0.304321639815919,Médio,False,True,False,True,False
0.9393939393939396,1.0,0.0,0.6666666666666666,0.11903017744590727,Médio,True,False,False,False,False
0.2828282828282829,1.0,1.0,0.6666666666666666,0.03274308714265817,Médio,True,False,False,True,False
0.3535353535353536,0.0,0.0,1.0,0.4772379103041924,Médio,False,True,False,True,False
0.12121212121212122,1.0,1.0,0.1111111111111111,0.4091512198026719,Médio,True,False,False,False,True
0.31313131313131315,1.0,1.0,0.8888888888888888,0.16175494879741947,Médio,False,False,True,True,False
0.6565656565656567,1.0,0.0,0.5555555555555555,0.0686603477330443,Médio,True,False,False,False,True
0.41414141414141414,0.0,0.0,0.7777777777777777,0.41910499271874446,Médio,False,True,False,False,False
0.44444444444444453,0.0,0.0,1.0,0.11673686014463192,Médio,False,False,True,False,True
0.2727272727272727,0.0,0.0,0.5555555555555555,0.07704231733995115,Médio,False,False,False,False,True
0.2727272727272727,0.0,1.0,0.22222222222222224,0.3558826448558017,Médio,False,False,True,False,True
0.8383838383838386,0.0,1.0,0.38888888888888884,0.40459490373338225,Médio,False,False,True,False,True
0.9191919191919192,0.0,1.0,0.8333333333333333,0.37474047055727233,Médio,False,True,False,False,False
0.888888888888889,1.0,1.0,0.8888888888888888,0.2562034970268585,Médio,False,True,False,False,False
0.6161616161616162,1.0,0.0,0.38888888888888884,0.10621582316557354,Médio,True,False,False,False,False
0.9696969696969698,0.0,1.0,0.38888888888888884,0.3561149374056183,Médio,False,True,False,True,False
0.0,1.0,1.0,0.4444444444444444,0.41459470822316935,Médio,False,True,False,False,True
0.7676767676767678,0.0,1.0,0.9444444444444444,0.07032386445299077,Médio,True,False,False,False,True
0.02020202020202022,0.0,1.0,0.1111111111111111,0.39661851047862906,Médio,False,True,False,True,False
0.6969696969696971,1.0,0.0,0.8888888888888888,0.18238730828754446,Médio,True,False,False,False,False
0.7171717171717172,1.0,0.0,0.16666666666666666,0.15733334703345825,Médio,False,False,False,False,False
0.08080808080808077,0.0,1.0,0.7222222222222221,0.04203179451385297,Médio,False,False,False,False,False
0.6161616161616162,0.0,0.0,0.4444444444444444,0.42062620375109594,Médio,True,False,False,False,True
0.36363636363636365,1.0,0.0,0.4444444444444444,0.16876435642733523,Médio,False,False,False,False,True
0.43434343434343436,1.0,1.0,0.16666666666666666,0.23216351368130217,Médio,True,False,False,True,False
0.31313131313131315,0.0,1.0,0.6666666666666666,0.22119042735591044,Médio,False,False,True,False,False
0.5151515151515152,0.0,0.0,0.8888888888888888,0.40459779090177483,Médio,True,False,False,False,True
0.02020202020202022,0.0,1.0,0.38888888888888884,0.4299338495050622,Médio,False,False,True,True,False
0.585858585858586,0.0,0.0,0.611111111111111,0.1469204071081781,Médio,False,False,False,False,False
0.5353535353535354,1.0,1.0,0.1111111111111111,0.4327876528945509,Médio,True,False,False,False,False
0.8686868686868688,1.0,1.0,0.33333333333333326,0.38034264311740573,Médio,False,False,True,True,False
0.9696969696969698,0.0,1.0,0.611111111111111,0.25202173620738666,Médio,False,False,False,False,True
0.18181818181818188,1.0,0.0,0.7777777777777777,0.4856919172986347,Médio,False,False,True,False,False
0.5252525252525254,1.0,1.0,0.6666666666666666,0.30952225554613433,Médio,False,False,False,False,False
0.8989898989898991,0.0,0.0,0.7222222222222221,0.3263240507126466,Médio,True,False,False,True,False
0.31313131313131315,0.0,0.0,0.38888888888888884,0.0393766874553968,Médio,False,False,True,True,False
0.6969696969696971,0.0,0.0,0.7222222222222221,0.2729243252463729,Médio,False,False,False,False,True
0.31313131313131315,1.0,0.0,0.33333333333333326,0.006370649930830252,Médio,True,False,False,False,False
0.7474747474747475,1.0,0.0,0.5555555555555555,0.3965141267162706,Médio,False,False,True,False,True
0.16161616161616166,0.0,0.0,0.9444444444444444,0.34699137964200033,Médio,False,False,False,True,False
0.97979797979798,0.0,0.0,0.7777777777777777,0.4015888891420676,Médio,False,False,False,False,True
0.8585858585858587,1.0,1.0,0.611111111111111,0.26683282341391434,Médio,True,False,False,True,False
0.1515151515151515,0.0,1.0,0.5555555555555555,0.025829396716323227,Médio,False,False,True,False,True
0.6969696969696971,0.0,1.0,1.0,0.12078012302026808,Médio,False,False,False,True,False
0.9292929292929294,1.0,1.0,0.611111111111111,0.18178962559503298,Médio,False,False,False,False,True
0.19191919191919193,1.0,0.0,0.22222222222222224,0.22342834481400042,Médio,True,False,False,False,True
0.585858585858586,0.0,1.0,0.7777777777777777,0.3082659886034256,Médio,False,False,True,False,False
0.18181818181818188,0.0,1.0,0.5,0.41862975002104186,Médio,True,False,False,True,False
0.8989898989898991,1.0,1.0,0.8333333333333333,0.16075824493979085,Médio,False,False,False,False,False
0.6666666666666666,0.0,1.0,0.38888888888888884,0.17150671342508006,Médio,False,True,False,False,False
0.18181818181818188,1.0,0.0,0.0,0.4195844653331968,Médio,False,False,False,False,False
0.7070707070707071,1.0,0.0,0.1111111111111111,0.08439269000472638,Médio,True,False,False,False,False
0.5151515151515152,1.0,0.0,0.0,0.3944555226104558,Médio,False,False,True,False,True
0.3232323232323233,1.0,0.0,0.16666666666666666,0.10056727384232278,Médio,True,False,False,False,False
0.39393939393939403,0.0,1.0,0.38888888888888884,0.016620005100065338,Médio,True,False,False,True,False
0.0,1.0,1.0,0.05555555555555555,0.1635615818200986,Médio,False,False,True,False,False
0.101010101010101,0.0,1.0,0.5555555555555555,0.2346042637867093,Médio,True,False,False,False,True
0.9191919191919192,1.0,1.0,0.5,0.02376030063539669,Médio,False,True,False,True,False
0.4949494949494949,1.0,1.0,0.05555555555555555,0.13590508509492127,Médio,False,False,True,False,True
0.2222222222222222,1.0,0.0,0.4444444444444444,0.23225842367328176,Médio,True,False,False,False,False
0.41414141414141414,0.0,1.0,0.4444444444444444,0.42107227386838586,Médio,False,False,True,False,True
0.98989898989899,0.0,1.0,0.16666666666666666,0.05076967116940867,Médio,False,False,False,True,False
0.06060606060606066,1.0,0.0,0.5,0.03949953742322543,Médio,False,False,False,False,True
0.8989898989898991,0.0,1.0,0.8888888888888888,0.39424598965483937,Médio,False,False,False,False,False
0.5959595959595959,1.0,0.0,0.7222222222222221,0.028722363672091356,Médio,False,False,False,True,False
0.0,1.0,0.0,0.05555555555555555,0.011311457729751728,Médio,False,False,True,True,False
0.11111111111111116,1.0,0.0,0.8333333333333333,0.3074796385926484,Médio,True,False,False,True,False
0.686868686868687,0.0,0.0,1.0,0.04036875282683128,Médio,False,False,False,False,True
0.31313131313131315,0.0,0.0,1.0,0.3990521379089427,Médio,False,True,False,True,False
0.18181818181818188,1.0,1.0,0.7777777777777777,0.27617629718214887,Médio,True,False,False,False,True
0.7979797979797981,1.0,0.0,0.5,0.27241594085736787,Médio,False,False,False,False,True
0.19191919191919193,1.0,1.0,0.22222222222222224,0.3760089411731138,Médio,False,False,False,False,True
0.5353535353535354,1.0,1.0,0.38888888888888884,0.050720129108868695,Médio,False,False,False,True,False
0.3232323232323233,0.0,1.0,0.33333333333333326,0.4275889661757999,Médio,False,False,False,False,False
0.7171717171717172,1.0,1.0,0.7222222222222221,0.22507660070895963,Médio,True,False,False,True,False
0.3535353535353536,0.0,1.0,0.16666666666666666,0.22684330411917653,Médio,True,False,False,False,False
0.98989898989899,0.0,1.0,0.33333333333333326,0.09566545340365706,Médio,False,True,False,True,False
0.888888888888889,0.0,0.0,0.16666666666666666,0.45161054912642573,Médio,False,False,True,False,False
0.98989898989899,1.0,0.0,0.7222222222222221,0.3386101890673505,Médio,True,False,False,True,False
0.9292929292929294,0.0,0.0,0.22222222222222224,0.08378782272238106,Médio,True,False,False,True,False
0.1717171717171717,1.0,0.0,0.8333333333333333,0.21183758948954423,Médio,True,False,False,False,True
0.6565656565656567,1.0,1.0,0.05555555555555555,0.05144340893494448,Médio,True,False,False,False,False
0.5353535353535354,1.0,1.0,0.9444444444444444,0.49423666982010306,Médio,True,False,False,True,False
0.3434343434343434,0.0,1.0,1.0,0.4436309807001586,Médio,False,True,False,True,False
0.7979797979797981,0.0,1.0,1.0,0.3355463521509989,Médio,False,True,False,False,False
0.6060606060606061,0.0,1.0,0.8888888888888888,0.3959290943696563,Médio,False,False,False,True,False
1.0,1.0,0.0,1.0,0.1619040176089207,Médio,False,False,False,True,False
0.13131313131313138,0.0,1.0,0.16666666666666666,0.1544103028650754,Médio,False,False,False,False,True
0.2020202020202021,0.0,1.0,1.0,0.149743513569482,Médio,False,False,False,False,True
0.4747474747474748,0.0,1.0,0.8333333333333333,0.2690866388200617,Médio,False,False,False,True,False
0.19191919191919193,0.0,0.0,0.6666666666666666,0.36231370327750057,Médio,False,True,False,False,True
0.07070707070707072,0.0,1.0,0.16666666666666666,0.40986118421484097,Médio,False,True,False,True,False
0.6666666666666666,1.0,1.0,0.0,0.05684893530046775,Médio,False,False,False,False,False
0.16161616161616166,1.0,0.0,0.9444444444444444,0.03476381203283563,Médio,True,False,False,False,True
0.3232323232323233,0.0,1.0,0.8888888888888888,0.3932579813192316,Médio,False,False,True,False,False
0.7575757575757577,1.0,0.0,0.5555555555555555,0.194084776752676,Médio,False,True,False,False,True
0.8585858585858587,0.0,0.0,0.0,0.2607110575442775,Médio,False,False,False,False,False
0.3737373737373738,0.0,0.0,0.16666666666666666,0.2983018574622027,Médio,True,False,False,True,False
0.5050505050505051,1.0,1.0,0.8333333333333333,0.23077175397098315,Médio,False,True,False,False,True
0.5353535353535354,0.0,1.0,0.7777777777777777,0.41271959190521756,Médio,False,True,False,False,False
0.07070707070707072,1.0,0.0,0.7777777777777777,0.2413466439385371,Médio,False,False,False,False,True
0.29292929292929293,1.0,0.0,0.33333333333333326,0.39835745121633725,Médio,False,False,False,False,False
0.9696969696969698,0.0,1.0,0.4444444444444444,0.15683586905870062,Médio,False,False,True,False,False
0.6363636363636364,1.0,1.0,0.22222222222222224,0.36171137125964226,Médio,False,True,False,False,False
0.686868686868687,0.0,1.0,0.9444444444444444,0.2715648978929075,Médio,True,False,False,False,False
0.6060606060606061,1.0,1.0,0.1111111111111111,0.08148447095997757,Médio,False,True,False,True,False
0.18181818181818188,0.0,1.0,0.5555555555555555,0.15672000022854649,Médio,True,False,False,False,False
0.9191919191919192,0.0,1.0,1.0,0.2904265765869438,Médio,False,True,False,False,False
0.29292929292929293,1.0,1.0,0.5,0.469295096089126,Médio,False,True,False,False,True
0.4545454545454546,0.0,0.0,0.7222222222222221,0.4126056965725291,Médio,True,False,False,True,False
0.0505050505050505,0.0,0.0,1.0,0.4289589834160181,Médio,False,False,True,False,True
0.98989898989899,0.0,0.0,0.22222222222222224,0.33141536398791316,Médio,True,False,False,False,True
0.9292929292929294,1.0,0.0,0.5,0.20220627285504222,Médio,False,False,False,False,True
0.9696969696969698,0.0,0.0,0.33333333333333326,0.016226542954237866,Médio,False,True,False,True,False
0.8484848484848485,0.0,1.0,0.1111111111111111,0.04024918990546289,Médio,False,True,False,True,False
0.3232323232323233,1.0,1.0,0.2777777777777778,0.29507079238072076,Médio,False,True,False,False,True
0.6666666666666666,1.0,0.0,0.4444444444444444,0.21102736385444476,Médio,False,False,False,True,False
0.24242424242424243,0.0,1.0,0.611111111111111,0.2538853404125383,Médio,False,False,False,True,False
0.5353535353535354,1.0,1.0,0.611111111111111,0.10317343533544288,Médio,False,False,True,False,True
0.5757575757575758,0.0,1.0,0.5,0.12636732044131294,Médio,True,False,False,True,False
0.31313131313131315,0.0,0.0,0.5,0.3254391306652489,Médio,False,False,False,True,False
0.010101010101010166,0.0,0.0,0.611111111111111,0.4305404407032216,Médio,False,True,False,True,False
0.8989898989898991,1.0,1.0,0.4444444444444444,0.2768622142603876,Médio,True,False,False,False,False
0.3232323232323233,1.0,1.0,0.16666666666666666,0.22703734310396773,Médio,True,False,False,False,False
0.4242424242424243,0.0,0.0,0.9444444444444444,0.23412256527386388,Médio,False,False,False,False,False
0.9292929292929294,1.0,1.0,0.9444444444444444,0.2194522206279097,Médio,False,False,True,True,False
0.41414141414141414,1.0,0.0,0.0,0.0601232786376279,Médio,True,False,False,False,False
0.2525252525252526,1.0,1.0,0.33333333333333326,0.13140351595026778,Médio,False,False,True,False,True
0.24242424242424243,0.0,1.0,0.9444444444444444,0.04512423621679251,Médio,True,False,False,True,False
0.12121212121212122,0.0,0.0,0.7777777777777777,0.3424881460044249,Médio,True,False,False,True,False
0.5959595959595959,0.0,1.0,0.8333333333333333,0.480180400092483,Médio,False,False,False,True,False
0.5656565656565656,1.0,0.0,0.5,0.33310813337973744,Médio,False,False,False,True,False
0.3535353535353536,1.0,1.0,0.611111111111111,0.4669425733393755,Médio,True,False,False,False,False
0.44444444444444453,1.0,1.0,0.7222222222222221,0.013699705300190379,Médio,True,False,False,False,False
0.19191919191919193,0.0,0.0,0.22222222222222224,0.0818548541326547,Médio,False,False,False,False,True
0.6464646464646465,1.0,0.0,0.9444444444444444,0.2594701621324138,Médio,False,True,False,True,False
0.07070707070707072,1.0,0.0,0.22222222222222224,0.027919362871437814,Médio,False,False,True,False,False
0.13131313131313138,0.0,1.0,0.22222222222222224,0.4278670595785061,Médio,True,False,False,True,False
0.8686868686868688,1.0,1.0,1.0,0.1752305467394406,Médio,False,False,False,False,False
0.14141414141414144,0.0,1.0,1.0,0.2969419168278704,Médio,False,False,False,False,True
0.6565656565656567,0.0,1.0,0.0,0.05056324911502241,Médio,False,True,False,False,False
0.5050505050505051,1.0,0.0,0.0,0.06960729957877287,Médio,False,False,True,False,True
0.24242424242424243,0.0,0.0,0.8888888888888888,0.0901620978523292,Médio,True,False,False,True,False
0.6262626262626264,1.0,1.0,0.5555555555555555,0.3421268052035984,Médio,True,False,False,False,False
0.21212121212121215,0.0,0.0,0.33333333333333326,0.40798958130177865,Médio,True,False,False,False,True
0.5757575757575758,0.0,1.0,0.8888888888888888,0.1437545146225696,Médio,False,False,False,False,True
0.8585858585858587,1.0,1.0,0.05555555555555555,0.29435424055353065,Médio,False,False,False,True,False
0.9696969696969698,0.0,1.0,0.05555555555555555,0.2968336053198535,Médio,True,False,False,True,False
0.07070707070707072,0.0,0.0,0.8333333333333333,0.001085178260403219,Médio,False,True,False,False,True
0.5252525252525254,1.0,1.0,0.05555555555555555,0.2728801244023338,Médio,False,False,False,False,False
0.5959595959595959,0.0,0.0,0.5,0.21862681880166202,Médio,False,False,False,True,False
0.9595959595959597,1.0,1.0,1.0,0.01626974020510419,Médio,False,False,True,False,False
0.46464646464646464,0.0,0.0,0.611111111111111,0.3246373560522131,Médio,False,False,False,False,False
0.39393939393939403,0.0,0.0,0.2777777777777778,0.34390539209371407,Médio,False,True,False,False,False
0.5151515151515152,0.0,0.0,0.5,0.13501870917967562,Médio,False,False,True,False,False
0.1515151515151515,0.0,1.0,0.1111111111111111,0.09472011694454963,Médio,False,False,False,False,True
0.16161616161616166,1.0,0.0,0.16666666666666666,0.103767038266525,Médio,False,False,False,False,False
0.6262626262626264,0.0,0.0,0.7222222222222221,0.40341021284572176,Médio,True,False,False,False,False
0.5757575757575758,1.0,0.0,0.7777777777777777,0.11860353887893516,Médio,False,False,True,False,False
0.5454545454545455,1.0,1.0,0.7222222222222221,0.0,Médio,False,False,True,False,True
0.8989898989898991,1.0,1.0,0.38888888888888884,0.35781940305180493,Médio,False,False,True,True,False
0.6161616161616162,0.0,1.0,0.8888888888888888,0.2553454479259849,Médio,False,False,True,True,False
0.2222222222222222,1.0,1.0,0.05555555555555555,0.012911999886268233,Médio,False,False,False,False,False
0.33333333333333337,1.0,0.0,0.1111111111111111,0.08532467930725984,Médio,False,True,False,False,True
0.4747474747474748,0.0,0.0,0.33333333333333326,0.3812845374838463,Médio,False,False,False,True,False
0.0,1.0,1.0,0.5555555555555555,0.39006256821408014,Médio,False,False,True,False,True
0.1515151515151515,0.0,0.0,1.0,0.2411133647026572,Médio,False,False,False,False,False
0.6060606060606061,1.0,1.0,0.22222222222222224,0.09526841597708335,Médio,False,True,False,False,True
0.6363636363636364,0.0,0.0,1.0,0.31599510215423066,Médio,False,True,False,True,False
0.6262626262626264,0.0,0.0,0.5555555555555555,0.09695388159911844,Médio,False,True,False,False,False
0.686868686868687,0.0,1.0,0.611111111111111,0.17748822349218973,Médio,False,False,False,True,False
0.9292929292929294,0.0,1.0,0.38888888888888884,0.44563452416490446,Médio,False,False,False,True,False
0.8585858585858587,1.0,0.0,0.7777777777777777,0.32805996211848165,Médio,False,True,False,True,False
0.5656565656565656,1.0,1.0,0.7777777777777777,0.30678835078061417,Médio,False,False,False,False,True
0.2828282828282829,1.0,0.0,0.8333333333333333,0.40408909603711796,Médio,False,True,False,True,False
0.686868686868687,0.0,1.0,0.9444444444444444,0.3163172210514853,Médio,False,True,False,False,False
0.46464646464646464,1.0,1.0,0.5,0.13364756114725607,Médio,False,False,True,True,False
0.6161616161616162,1.0,1.0,0.611111111111111,0.12874632325207047,Médio,False,False,False,False,True
0.4747474747474748,1.0,0.0,0.1111111111111111,0.501686387937619,Médio,False,True,False,False,True
1.0,0.0,1.0,0.38888888888888884,0.18726547596769327,Médio,False,True,False,False,False
0.3232323232323233,1.0,1.0,0.2777777777777778,0.025749161644789464,Médio,False,True,False,False,True
0.9393939393939396,1.0,0.0,0.0,0.28551121520257094,Médio,False,True,False,False,False
0.2222222222222222,1.0,0.0,0.0,0.44456091121590013,Médio,False,True,False,True,False
1.0,0.0,1.0,0.8333333333333333,0.1969050338396291,Médio,False,False,True,False,True
0.33333333333333337,1.0,0.0,0.5555555555555555,0.12596048825362582,Médio,False,True,False,False,True
0.9494949494949495,1.0,0.0,0.16666666666666666,0.10839369649001007,Médio,False,True,False,False,True
0.09090909090909094,1.0,0.0,0.2777777777777778,0.4801429691066268,Médio,False,True,False,False,False
0.9595959595959597,1.0,0.0,0.4444444444444444,0.08630388238004805,Médio,True,False,False,False,True
0.0,0.0,0.0,0.611111111111111,0.057196635622754344,Médio,False,False,False,False,True
0.686868686868687,1.0,0.0,0.5555555555555555,0.10582355775463281,Médio,False,False,True,False,True
0.23232323232323238,0.0,0.0,0.0,0.2345319693811483,Médio,False,False,False,False,False
0.9191919191919192,1.0,1.0,0.05555555555555555,0.04169435511818076,Médio,False,False,False,True,False
0.31313131313131315,1.0,1.0,0.16666666666666666,0.49985090724388925,Médio,False,True,False,False,True
0.8383838383838386,1.0,1.0,0.22222222222222224,0.2531684141584043,Médio,False,False,True,True,False
0.23232323232323238,0.0,1.0,0.1111111111111111,0.30882242686313144,Médio,True,False,False,False,False
0.6060606060606061,0.0,1.0,0.4444444444444444,0.36607462696301063,Médio,False,False,True,True,False
0.4242424242424243,0.0,0.0,0.9444444444444444,0.4677902009622039,Médio,True,False,False,True,False
0.11111111111111116,0.0,0.0,0.2777777777777778,0.19057326447484857,Médio,True,False,False,True,False
0.3232323232323233,0.0,0.0,0.5555555555555555,0.3598519318334734,Médio,False,True,False,True,False
0.7373737373737373,1.0,1.0,0.7777777777777777,0.020976910677880434,Médio,False,False,False,False,False
0.4242424242424243,1.0,0.0,0.611111111111111,0.3168528145909113,Médio,True,False,False,False,True
0.43434343434343436,1.0,1.0,0.611111111111111,0.057050607654903884,Médio,False,False,True,False,True
0.11111111111111116,1.0,0.0,0.1111111111111111,0.33248666951600114,Médio,False,True,False,False,False
0.4545454545454546,0.0,1.0,0.8333333333333333,0.39729880527534145,Médio,False,False,True,False,False
0.3434343434343434,1.0,1.0,0.1111111111111111,0.4557500790471496,Médio,False,True,False,False,True
0.8686868686868688,1.0,1.0,0.05555555555555555,0.4136987791442499,Médio,False,True,False,False,True
0.8989898989898991,0.0,1.0,1.0,0.2517305481071819,Médio,False,True,False,True,False
0.07070707070707072,1.0,1.0,0.7777777777777777,0.12084009439202226,Médio,False,True,False,True,False
0.7373737373737373,1.0,1.0,0.8333333333333333,0.3791371469085316,Médio,False,False,True,False,True
0.8989898989898991,1.0,0.0,0.8888888888888888,0.06222410355705521,Médio,False,False,False,False,True
0.33333333333333337,0.0,0.0,0.22222222222222224,0.34046768684656836,Médio,False,False,True,True,False
0.6767676767676768,0.0,1.0,0.5555555555555555,0.16246161991989194,Médio,False,True,False,False,False
0.2828282828282829,1.0,1.0,0.0,0.4532972967369171,Médio,False,False,True,False,True
0.3535353535353536,0.0,0.0,0.8333333333333333,0.3559452158754415,Médio,False,False,False,False,True
0.888888888888889,0.0,0.0,0.05555555555555555,0.4020825099766743,Médio,True,False,False,False,True
0.2020202020202021,1.0,1.0,0.05555555555555555,0.11552029001475139,Médio,False,True,False,True,False
0.09090909090909094,0.0,1.0,0.38888888888888884,0.4162536601847229,Médio,False,False,True,False,False
0.7272727272727274,0.0,0.0,0.7777777777777777,0.3886055256879075,Médio,True,False,False,False,False
0.6363636363636364,0.0,0.0,0.2777777777777778,0.44355710807158055,Médio,False,True,False,False,False
0.48484848484848486,0.0,0.0,0.0,0.061631553520760884,Médio,False,True,False,False,True
0.23232323232323238,0.0,0.0,0.2777777777777778,0.15193403468216637,Médio,False,False,False,False,True
0.2222222222222222,0.0,1.0,0.7777777777777777,0.4790643084104105,Médio,False,False,True,True,False
0.36363636363636365,0.0,1.0,0.7222222222222221,0.40284278655212025,Médio,False,False,True,False,False
0.11111111111111116,0.0,0.0,0.16666666666666666,0.3392425354704711,Médio,True,False,False,True,False
0.5454545454545455,1.0,1.0,0.611111111111111,0.12723920204301808,Médio,True,False,False,False,False
0.12121212121212122,0.0,0.0,0.8888888888888888,0.3930892777310513,Médio,False,True,False,False,False
0.2222222222222222,1.0,1.0,0.33333333333333326,0.16320202306939924,Médio,False,True,False,True,False
0.98989898989899,1.0,1.0,0.1111111111111111,0.2095345114964393,Médio,False,True,False,False,False
0.29292929292929293,1.0,1.0,0.6666666666666666,0.05874043701678433,Médio,True,False,False,True,False
0.8585858585858587,0.0,1.0,0.2777777777777778,0.3466649911559312,Médio,False,False,False,True,False
0.18181818181818188,0.0,1.0,0.2777777777777778,0.07952826543821268,Médio,True,False,False,False,False
0.11111111111111116,1.0,1.0,0.38888888888888884,0.39767552475714885,Médio,False,False,True,True,False
0.6060606060606061,0.0,1.0,0.1111111111111111,0.29733707408411325,Médio,False,False,False,False,False
0.18181818181818188,0.0,1.0,1.0,0.1439431740780397,Médio,True,False,False,False,True
0.7575757575757577,0.0,1.0,0.7222222222222221,0.15194728869505625,Médio,False,True,False,False,False
0.08080808080808077,1.0,1.0,0.8888888888888888,0.434262599713807,Médio,True,False,False,False,True
0.2727272727272727,1.0,1.0,0.7222222222222221,0.08086808124058131,Médio,False,True,False,True,False
0.1515151515151515,1.0,0.0,1.0,0.08043792544078632,Médio,False,True,False,False,True
0.686868686868687,0.0,1.0,0.1111111111111111,0.4784849664112587,Médio,False,False,False,False,True
0.5151515151515152,0.0,0.0,0.6666666666666666,0.27801280172350595,Médio,False,False,True,False,False
1.0,1.0,0.0,0.7222222222222221,0.12475230581935814,Médio,False,False,False,False,False
0.1515151515151515,1.0,1.0,0.7777777777777777,0.17774569818774122,Médio,True,False,False,True,False
0.38383838383838387,1.0,1.0,0.2777777777777778,0.040396365361240694,Médio,False,True,False,False,True
0.5252525252525254,1.0,1.0,0.16666666666666666,0.4068177625480476,Médio,True,False,False,False,False
0.9494949494949495,1.0,1.0,0.7222222222222221,0.48293965093858415,Médio,False,False,False,False,False
0.8686868686868688,1.0,0.0,0.4444444444444444,0.022112922584978434,Médio,False,False,False,False,True
0.7474747474747475,0.0,0.0,0.4444444444444444,0.08640421602100457,Médio,False,False,False,False,False
0.7575757575757577,1.0,0.0,0.16666666666666666,0.2812897884667851,Médio,True,False,False,False,False
0.08080808080808077,0.0,0.0,0.38888888888888884,0.1326136715915529,Médio,True,False,False,False,False
0.7373737373737373,1.0,1.0,0.05555555555555555,0.4413716681767679,Médio,False,False,False,False,False
0.16161616161616166,0.0,1.0,0.7222222222222221,0.3822607245015188,Médio,False,False,True,False,True
0.06060606060606066,0.0,0.0,0.4444444444444444,0.054726473440665946,Médio,False,False,True,False,False
0.39393939393939403,0.0,0.0,0.8333333333333333,0.384532205626571,Médio,False,False,True,False,False
0.41414141414141414,0.0,0.0,0.611111111111111,0.21706273561691847,Médio,False,True,False,True,False
0.08080808080808077,0.0,1.0,0.1111111111111111,0.4441029459128871,Médio,False,True,False,False,False
0.4949494949494949,0.0,1.0,0.5555555555555555,0.048501962969717205,Médio,False,False,False,True,False
0.2828282828282829,0.0,0.0,0.8333333333333333,0.3543138310422185,Médio,False,False,False,False,True
0.16161616161616166,1.0,0.0,0.16666666666666666,0.41556666536749765,Médio,False,True,False,False,True
0.030303030303030276,1.0,1.0,0.0,0.22123220894506157,Médio,False,False,False,False,True
0.3030303030303031,0.0,1.0,0.7777777777777777,0.18545759857333144,Médio,False,False,True,True,False
0.18181818181818188,1.0,1.0,0.38888888888888884,0.059765822456430695,Médio,False,True,False,True,False
0.9090909090909093,0.0,1.0,0.7777777777777777,0.22753929747436585,Médio,False,False,False,False,False
0.8989898989898991,1.0,0.0,0.4444444444444444,0.08035661027659691,Médio,False,True,False,True,False
0.18181818181818188,0.0,0.0,1.0,0.4433566895938845,Médio,False,False,False,False,True
0.38383838383838387,0.0,1.0,0.38888888888888884,0.16391044897720297,Médio,False,False,False,False,True
0.6666666666666666,0.0,1.0,1.0,0.18507691762404666,Médio,False,True,False,False,True
0.44444444444444453,0.0,1.0,0.2777777777777778,0.20297453631712803,Médio,False,True,False,False,False
0.12121212121212122,1.0,1.0,1.0,0.3880361760725317,Médio,True,False,False,True,False
0.9191919191919192,1.0,1.0,0.16666666666666666,0.051299260418617654,Médio,False,False,False,False,False
0.5757575757575758,1.0,1.0,0.33333333333333326,0.3991615478221855,Médio,False,False,False,True,False
0.9191919191919192,0.0,0.0,0.611111111111111,0.4849630755953682,Médio,True,False,False,False,True
0.7171717171717172,1.0,1.0,0.6666666666666666,0.3840994234361037,Médio,False,False,False,False,True
0.38383838383838387,0.0,1.0,0.611111111111111,0.1458069408836421,Médio,False,False,True,False,False
0.02020202020202022,0.0,1.0,0.05555555555555555,0.062228773249344616,Médio,False,False,True,True,False
0.7676767676767678,0.0,1.0,0.4444444444444444,0.07137508760662459,Médio,False,False,False,False,True
0.3232323232323233,1.0,0.0,0.8888888888888888,0.04883526835962315,Médio,False,False,False,False,False
0.3737373737373738,0.0,1.0,0.611111111111111,0.0983215248749435,Médio,True,False,False,False,False
0.0505050505050505,1.0,0.0,0.2777777777777778,0.04419000261412642,Médio,False,False,True,False,False
0.5757575757575758,0.0,1.0,0.38888888888888884,0.1858975928803165,Médio,False,False,True,False,True
0.31313131313131315,0.0,1.0,0.0,0.04571464195383357,Médio,False,True,False,False,False
0.46464646464646464,0.0,0.0,0.1111111111111111,0.29762476251965,Médio,False,False,False,True,False
0.2020202020202021,1.0,0.0,0.38888888888888884,0.07742815137265813,Médio,False,True,False,True,False
0.7979797979797981,1.0,0.0,0.7222222222222221,0.1704536940114766,Médio,True,False,False,False,True
0.8484848484848485,1.0,0.0,0.1111111111111111,0.12736001663142937,Médio,False,False,True,True,False
0.7474747474747475,0.0,0.0,0.8333333333333333,0.12368650869729225,Médio,False,True,False,True,False
0.98989898989899,0.0,0.0,0.8888888888888888,0.2466811957086067,Médio,False,False,True,False,True
0.18181818181818188,1.0,0.0,0.6666666666666666,0.35936837181644443,Médio,False,True,False,False,True
0.46464646464646464,0.0,1.0,0.8888888888888888,0.14302706165957202,Médio,True,False,False,False,True
0.48484848484848486,1.0,0.0,0.38888888888888884,0.38345253088889075,Médio,False,False,False,True,False
0.14141414141414144,0.0,0.0,0.0,0.07699717270896922,Médio,False,False,True,False,True
0.3030303030303031,0.0,1.0,0.33333333333333326,0.00417134287846721,Médio,True,False,False,True,False
0.02020202020202022,1.0,1.0,0.5555555555555555,0.41220261815057846,Médio,True,False,False,False,True
0.1515151515151515,1.0,0.0,0.4444444444444444,0.4913351971880042,Médio,False,True,False,False,False
0.8686868686868688,1.0,1.0,0.4444444444444444,0.41687317629393794,Médio,False,False,False,False,False
0.5656565656565656,0.0,1.0,0.22222222222222224,0.024058637329876675,Médio,False,False,True,True,False
0.7474747474747475,0.0,0.0,0.8888888888888888,0.33652019211426376,Médio,True,False,False,False,False
0.11111111111111116,0.0,1.0,0.4444444444444444,0.17767417973241206,Médio,False,True,False,False,False
0.7373737373737373,1.0,1.0,0.8888888888888888,0.09873949393052872,Médio,False,False,True,False,False
0.7575757575757577,0.0,0.0,0.33333333333333326,0.31644196682850656,Médio,False,False,True,True,False
0.23232323232323238,0.0,0.0,0.6666666666666666,0.3944988965451226,Médio,False,False,True,False,False
0.2727272727272727,1.0,0.0,0.5555555555555555,0.2377263657157358,Médio,True,False,False,False,False
0.07070707070707072,0.0,1.0,0.7222222222222221,0.09727584657408395,Médio,False,False,True,True,False
0.9191919191919192,1.0,0.0,1.0,0.17963041723506423,Médio,True,False,False,False,True
0.5757575757575758,0.0,1.0,0.6666666666666666,0.4767298107598039,Médio,False,True,False,False,False
0.4949494949494949,0.0,1.0,0.38888888888888884,0.0729599103762193,Médio,True,False,False,False,False
0.2727272727272727,1.0,1.0,0.611111111111111,0.28155678481798385,Médio,True,False,False,False,False
0.9191919191919192,1.0,0.0,1.0,0.3511376650866582,Médio,False,True,False,True,False
0.6363636363636364,0.0,1.0,0.38888888888888884,0.24148606209392587,Médio,False,True,False,False,False
0.16161616161616166,1.0,0.0,0.8333333333333333,0.22541663110312948,Médio,False,False,True,True,False
0.7272727272727274,1.0,0.0,0.0,0.40070609983590444,Médio,False,False,False,True,False
0.3232323232323233,0.0,0.0,0.6666666666666666,0.41108275297671937,Médio,True,False,False,False,True
0.7676767676767678,1.0,1.0,0.22222222222222224,0.1814972232260489,Médio,False,False,True,True,False
0.2828282828282829,0.0,0.0,0.7222222222222221,0.33533715422002897,Médio,False,False,False,False,True
0.4545454545454546,0.0,0.0,0.7777777777777777,0.42145724445201926,Médio,False,True,False,False,True
0.46464646464646464,0.0,0.0,0.05555555555555555,0.0597961567517552,Médio,False,False,False,False,False
0.6565656565656567,0.0,1.0,0.0,0.1404488482311781,Médio,True,False,False,False,True
0.09090909090909094,1.0,1.0,0.16666666666666666,0.4172500644910435,Médio,False,True,False,False,True
0.29292929292929293,1.0,1.0,0.22222222222222224,0.4041249855609963,Médio,False,False,False,True,False
0.6464646464646465,1.0,1.0,0.38888888888888884,0.13566201017890733,Médio,True,False,False,False,True
0.9595959595959597,0.0,1.0,0.0,0.397362769622307,Médio,False,False,True,False,False
0.48484848484848486,1.0,1.0,0.611111111111111,0.133446732130733,Médio,False,True,False,False,False
0.101010101010101,1.0,0.0,1.0,0.15926417149159167,Médio,False,False,False,False,True
0.8585858585858587,0.0,0.0,0.4444444444444444,0.20901715297396328,Médio,False,False,True,True,False
0.585858585858586,1.0,1.0,0.5,0.35665849613580103,Médio,False,True,False,True,False
0.48484848484848486,1.0,0.0,1.0,0.4854731178870215,Médio,True,False,False,True,False
0.7676767676767678,0.0,1.0,0.5555555555555555,0.419830071252582,Médio,True,False,False,False,True
0.3232323232323233,0.0,1.0,0.6666666666666666,0.3590387494911045,Médio,True,False,False,False,True
0.0,1.0,0.0,0.9444444444444444,0.16199481146367445,Médio,False,False,True,False,True
0.2020202020202021,0.0,0.0,1.0,0.4733679942278448,Médio,True,False,False,False,False
0.9191919191919192,0.0,1.0,0.1111111111111111,0.2108152571722146,Médio,False,False,False,False,True
0.686868686868687,0.0,0.0,0.05555555555555555,0.0252568864623558,Médio,False,False,True,False,False
0.9494949494949495,1.0,1.0,0.2777777777777778,0.3560488779628521,Médio,False,True,False,False,False
0.5252525252525254,1.0,1.0,0.38888888888888884,0.2620500444740874,Médio,False,True,False,False,True
0.8282828282828284,0.0,1.0,0.5555555555555555,0.4898636395253282,Médio,False,True,False,False,True
0.16161616161616166,0.0,1.0,0.0,0.1336196649183259,Médio,False,False,False,False,False
0.8484848484848485,0.0,0.0,0.6666666666666666,0.262221229752019,Médio,False,True,False,True,False
0.7777777777777778,1.0,1.0,0.7777777777777777,0.42054250745993627,Médio,True,False,False,True,False
0.5050505050505051,1.0,1.0,0.2777777777777778,0.2891671674409211,Médio,False,True,False,False,False
0.44444444444444453,0.0,0.0,0.5555555555555555,0.006456264341952567,Médio,True,False,False,False,True
0.7676767676767678,0.0,1.0,0.9444444444444444,0.49795353643132256,Médio,False,False,True,True,False
0.030303030303030276,0.0,0.0,0.16666666666666666,0.28659963234785923,Médio,True,False,False,False,False
0.6464646464646465,1.0,1.0,0.6666666666666666,0.023999651043336123,Médio,False,True,False,True,False
0.9191919191919192,1.0,1.0,0.611111111111111,0.17499179125750097,Médio,False,False,False,False,True
0.9494949494949495,1.0,0.0,0.05555555555555555,0.4732773297344397,Médio,True,False,False,True,False
0.7171717171717172,1.0,0.0,0.1111111111111111,0.09171267178015763,Médio,False,False,False,True,False
0.33333333333333337,1.0,1.0,0.7777777777777777,0.40876729357785235,Médio,False,False,True,True,False
0.4949494949494949,1.0,0.0,0.5555555555555555,0.19695379030718518,Médio,False,True,False,False,False
0.11111111111111116,0.0,0.0,0.8333333333333333,0.022613038218284753,Médio,True,False,False,False,False
0.5656565656565656,1.0,0.0,0.33333333333333326,0.4311535834593385,Médio,False,False,False,True,False
0.787878787878788,0.0,0.0,0.0,0.18139009699529074,Médio,False,True,False,False,True
0.8484848484848485,0.0,1.0,0.7777777777777777,0.269712077900343,Médio,False,False,False,True,False
0.13131313131313138,0.0,0.0,1.0,0.19931233018436523,Médio,False,False,False,True,False
0.6565656565656567,0.0,1.0,0.5,0.24769433125332085,Médio,True,False,False,False,False
0.7474747474747475,1.0,0.0,0.9444444444444444,0.3074622041428521,Médio,True,False,False,False,True
0.6363636363636364,1.0,1.0,0.7777777777777777,0.4279688065819658,Médio,False,False,False,True,False
0.3737373737373738,1.0,1.0,0.8888888888888888,0.08183097606062684,Médio,False,False,False,False,True
0.4949494949494949,1.0,1.0,0.8888888888888888,0.08806613807181607,Médio,False,False,False,False,False
0.97979797979798,0.0,0.0,0.2777777777777778,0.17240291200921232,Médio,False,True,False,False,False
0.29292929292929293,0.0,0.0,0.38888888888888884,0.21471641421210097,Médio,False,False,False,True,False
0.787878787878788,1.0,1.0,0.05555555555555555,0.28424981254607173,Médio,False,False,True,False,True
0.9090909090909093,0.0,0.0,0.8333333333333333,0.40168980310931013,Médio,False,False,False,True,False
0.6262626262626264,1.0,1.0,0.2777777777777778,0.013880058483878188,Médio,True,False,False,True,False
0.8787878787878788,0.0,0.0,0.9444444444444444,0.02017784153450286,Médio,False,True,False,True,False
0.787878787878788,0.0,0.0,0.22222222222222224,0.15429369504289425,Médio,True,False,False,True,False
0.5050505050505051,0.0,1.0,0.5555555555555555,0.46010022318628496,Médio,True,False,False,False,True
0.16161616161616166,0.0,1.0,0.9444444444444444,0.2882004629576389,Médio,False,True,False,False,True
0.16161616161616166,0.0,0.0,0.7777777777777777,0.04936318453520461,Médio,False,False,False,False,True
0.8383838383838386,0.0,1.0,0.5,0.23186267592007748,Médio,False,True,False,True,False
0.686868686868687,0.0,1.0,0.22222222222222224,0.2570616450053669,Médio,False,False,False,False,False
0.33333333333333337,1.0,0.0,0.5,0.2213962038574795,Médio,False,True,False,False,False
0.0505050505050505,1.0,0.0,0.22222222222222224,0.1385802161967874,Médio,False,False,True,True,False
0.4242424242424243,0.0,1.0,0.9444444444444444,0.23987629011069145,Médio,False,False,False,True,False
0.5454545454545455,0.0,1.0,0.6666666666666666,0.3136665221745596,Médio,True,False,False,False,True
0.7979797979797981,0.0,0.0,0.7777777777777777,0.41209606776500785,Médio,True,False,False,True,False
0.9494949494949495,1.0,0.0,0.8888888888888888,0.2103968755091603,Médio,False,False,False,False,True
0.030303030303030276,0.0,1.0,0.22222222222222224,0.3044216430481008,Médio,False,False,False,False,False
0.9595959595959597,1.0,0.0,0.05555555555555555,0.3949085387115465,Médio,False,False,True,True,False
0.6666666666666666,0.0,1.0,0.6666666666666666,0.13114619478698109,Médio,True,False,False,False,False
0.4949494949494949,0.0,1.0,0.05555555555555555,0.20751438980047854,Médio,False,True,False,False,False
0.5050505050505051,0.0,0.0,1.0,0.3132567979938534,Médio,True,False,False,False,False
0.18181818181818188,1.0,1.0,0.8888888888888888,0.42893898741826364,Médio,True,False,False,False,True
0.8181818181818182,0.0,1.0,0.611111111111111,0.23301053652114712,Médio,True,False,False,False,False
0.9191919191919192,0.0,0.0,0.5555555555555555,0.4067199552991403,Médio,False,True,False,False,False
0.41414141414141414,1.0,1.0,0.33333333333333326,0.2700773137981236,Médio,False,False,False,False,True
0.6060606060606061,1.0,1.0,0.16666666666666666,0.19929932156127916,Médio,False,False,True,True,False
0.6969696969696971,0.0,1.0,0.1111111111111111,0.3715033669708132,Médio,False,False,True,False,True
0.8989898989898991,0.0,0.0,0.5555555555555555,0.18342546774584423,Médio,False,False,False,True,False
0.33333333333333337,0.0,0.0,1.0,0.37797028444627156,Médio,False,True,False,True,False
0.48484848484848486,0.0,1.0,0.8888888888888888,0.34040285350823507,Médio,False,False,False,True,False
0.7777777777777778,0.0,1.0,0.1111111111111111,0.06262005478150301,Médio,False,False,True,False,False
0.8989898989898991,0.0,1.0,0.9444444444444444,0.48785257070963484,Médio,True,False,False,True,False
0.44444444444444453,1.0,1.0,0.38888888888888884,0.10936616066776628,Médio,True,False,False,True,False
0.26262626262626265,1.0,1.0,1.0,0.24938304252174914,Médio,False,False,True,False,True
0.7272727272727274,1.0,1.0,0.22222222222222224,0.3180263978255746,Médio,False,False,False,False,True
0.8585858585858587,1.0,0.0,0.22222222222222224,0.30349918420640454,Médio,False,False,False,False,False
0.4747474747474748,0.0,0.0,1.0,0.1471801748532392,Médio,False,False,True,False,False
0.3535353535353536,0.0,1.0,0.7777777777777777,0.3327522305221764,Médio,False,False,True,True,False
0.5151515151515152,0.0,1.0,0.22222222222222224,0.12034395745917459,Médio,False,False,False,False,False
0.787878787878788,1.0,1.0,0.8888888888888888,0.31313066405169065,Médio,True,False,False,False,True
0.8585858585858587,1.0,1.0,0.611111111111111,0.13775205355061282,Médio,False,False,True,False,False
0.8989898989898991,1.0,1.0,0.8888888888888888,0.3299481726945288,Médio,True,False,False,False,True
0.010101010101010166,0.0,0.0,0.611111111111111,0.3139891760064122,Médio,False,False,False,False,True
0.13131313131313138,1.0,0.0,0.16666666666666666,0.132119184387964,Médio,False,False,True,False,True
0.02020202020202022,1.0,1.0,0.7777777777777777,0.2531712331026068,Médio,False,True,False,False,True
0.1717171717171717,0.0,1.0,1.0,0.169421466815458,Médio,False,True,False,False,False
0.3737373737373738,1.0,1.0,0.9444444444444444,0.05379258394707387,Médio,False,False,True,True,False
0.14141414141414144,1.0,0.0,1.0,0.4771170100307849,Médio,False,False,False,False,False
0.888888888888889,1.0,0.0,0.9444444444444444,0.38471461999231416,Médio,False,False,True,False,True
0.2727272727272727,1.0,1.0,1.0,0.16883955268705797,Médio,False,True,False,False,False
0.5656565656565656,0.0,1.0,0.16666666666666666,0.1898303168143971,Médio,False,False,True,False,True
0.43434343434343436,0.0,0.0,0.8333333333333333,0.46248836824538975,Médio,False,False,True,False,True
0.8383838383838386,0.0,1.0,0.8888888888888888,0.10574121914179735,Médio,True,False,False,False,False
0.6666666666666666,0.0,1.0,0.38888888888888884,0.3642285276701742,Médio,False,False,False,True,False
0.8585858585858587,0.0,0.0,0.1111111111111111,0.11295559038961145,Médio,False,False,False,True,False
0.5151515151515152,0.0,0.0,0.5555555555555555,0.9196125250586287,Alto,False,False,True,False,True
0.030303030303030276,1.0,1.0,0.5555555555555555,0.9349862597132506,Alto,False,False,False,True,False
0.0,0.0,0.0,0.05555555555555555,0.5074443179018195,Alto,True,False,False,True,False
0.3434343434343434,0.0,1.0,0.05555555555555555,0.8127418822751873,Alto,False,False,False,False,False
0.38383838383838387,0.0,1.0,0.9444444444444444,0.5331316112803675,Alto,False,True,False,True,False
0.46464646464646464,1.0,0.0,0.05555555555555555,0.8264176139556048,Alto,False,True,False,False,False
0.9494949494949495,0.0,1.0,0.16666666666666666,0.8685755090671685,Alto,False,True,False,True,False
0.6161616161616162,1.0,0.0,0.1111111111111111,0.7185373037429732,Alto,False,True,False,False,False
0.5151515151515152,0.0,0.0,0.5555555555555555,0.9196125250586287,Alto,False,False,True,False,True
0.23232323232323238,1.0,0.0,0.7777777777777777,0.8082316994883965,Alto,False,False,True,False,False
0.5555555555555557,0.0,0.0,0.8888888888888888,0.861687107355374,Alto,False,False,False,False,True
0.6161616161616162,1.0,0.0,0.4444444444444444,0.9204630276139427,Alto,False,True,False,False,True
0.04040404040404044,1.0,0.0,0.22222222222222224,0.5900374778495892,Alto,True,False,False,True,False
0.21212121212121215,0.0,1.0,1.0,0.7861113576902203,Alto,False,False,True,True,False
0.0505050505050505,0.0,0.0,1.0,0.6640742019313004,Alto,True,False,False,False,False
0.4040404040404041,0.0,0.0,0.611111111111111,0.785146568891611,Alto,True,False,False,False,True
0.585858585858586,0.0,1.0,0.05555555555555555,0.9614566283419401,Alto,False,False,False,True,False
0.19191919191919193,0.0,1.0,0.2777777777777778,0.992954333681872,Alto,True,False,False,False,True
0.8383838383838386,0.0,1.0,0.8888888888888888,0.9336395571681386,Alto,True,False,False,True,False
0.3535353535353536,0.0,1.0,0.38888888888888884,0.5483494642544124,Alto,False,False,True,False,False
0.7474747474747475,1.0,1.0,0.2777777777777778,0.8084512311346661,Alto,False,False,False,False,True
0.5151515151515152,0.0,0.0,1.0,0.5886560917603336,Alto,True,False,False,False,True
0.38383838383838387,0.0,1.0,0.5555555555555555,0.6213193743782743,Alto,False,True,False,True,False
0.5353535353535354,0.0,1.0,0.611111111111111,0.766347145139674,Alto,False,False,True,True,False
0.16161616161616166,0.0,1.0,0.33333333333333326,0.7228865707021022,Alto,False,True,False,True,False
0.02020202020202022,0.0,0.0,0.38888888888888884,0.8996968462908106,Alto,False,True,False,False,True
0.9595959595959597,0.0,1.0,0.7777777777777777,0.9578920565601527,Alto,False,True,False,True,False
0.04040404040404044,1.0,1.0,1.0,0.5214081850397432,Alto,False,False,False,False,False
0.23232323232323238,1.0,1.0,0.7222222222222221,0.8498346747558729,Alto,False,False,False,False,True
0.7474747474747475,0.0,0.0,0.4444444444444444,0.7606754207526454,Alto,False,True,False,False,True
0.39393939393939403,1.0,0.0,0.05555555555555555,0.9145133008325848,Alto,False,True,False,False,False
0.585858585858586,0.0,0.0,0.6666666666666666,0.6437296550815363,Alto,False,True,False,False,True
0.2020202020202021,1.0,0.0,0.0,0.9124194675405213,Alto,True,False,False,False,False
0.8484848484848485,1.0,0.0,0.33333333333333326,0.9441581680837885,Alto,True,False,False,False,True
0.6161616161616162,0.0,0.0,0.9444444444444444,0.7086990156604918,Alto,False,False,False,False,True
0.7575757575757577,1.0,0.0,0.33333333333333326,0.6958298824417939,Alto,False,False,False,True,False
0.08080808080808077,1.0,1.0,0.1111111111111111,0.542168669247669,Alto,False,False,False,False,True
0.38383838383838387,0.0,1.0,0.7222222222222221,0.5252112075088926,Alto,False,False,False,False,False
0.23232323232323238,1.0,0.0,0.33333333333333326,0.7355470468380472,Alto,False,True,False,False,False
0.98989898989899,0.0,0.0,0.33333333333333326,0.5123351222327832,Alto,True,False,False,True,False
0.6262626262626264,0.0,1.0,0.6666666666666666,0.9839857979314846,Alto,True,False,False,False,True
0.4747474747474748,0.0,0.0,0.6666666666666666,0.9960416148845768,Alto,True,False,False,True,False
0.46464646464646464,1.0,0.0,0.4444444444444444,0.8051870171807818,Alto,True,False,False,False,True
0.1717171717171717,1.0,1.0,0.7222222222222221,0.7680241164424759,Alto,False,True,False,False,False
0.4545454545454546,1.0,1.0,0.16666666666666666,0.9596240789313017,Alto,False,True,False,False,True
0.3434343434343434,0.0,1.0,0.05555555555555555,0.8127418822751873,Alto,False,False,False,False,False
0.6666666666666666,0.0,1.0,0.33333333333333326,0.9825641439127504,Alto,True,False,False,False,False
0.7474747474747475,1.0,1.0,0.6666666666666666,0.9799645019235341,Alto,False,False,True,False,True
0.16161616161616166,1.0,0.0,0.6666666666666666,0.5798082171470682,Alto,False,True,False,False,False
0.7474747474747475,1.0,1.0,0.6666666666666666,0.9799645019235341,Alto,False,False,True,False,True
0.888888888888889,1.0,0.0,0.22222222222222224,0.9348001183907024,Alto,False,True,False,True,False
0.0,0.0,0.0,0.8888888888888888,0.672761246221868,Alto,False,False,True,False,False
0.14141414141414144,1.0,1.0,0.33333333333333326,0.9015150260532616,Alto,True,False,False,True,False
0.6666666666666666,1.0,1.0,0.4444444444444444,0.5337113912211013,Alto,True,False,False,False,False
0.38383838383838387,0.0,0.0,0.4444444444444444,0.9391978638330925,Alto,False,True,False,True,False
0.3535353535353536,0.0,1.0,0.38888888888888884,0.5483494642544124,Alto,False,False,True,False,False
0.5555555555555557,0.0,1.0,0.5555555555555555,0.7445562410400848,Alto,True,False,False,False,False
0.7777777777777778,1.0,0.0,0.2777777777777778,0.9428419750697279,Alto,False,False,True,False,False
0.8181818181818182,1.0,0.0,0.5,0.6045372696024431,Alto,False,False,True,True,False
0.6161616161616162,1.0,0.0,0.1111111111111111,0.7185373037429732,Alto,False,True,False,False,False
0.26262626262626265,0.0,0.0,0.7222222222222221,0.8233421942924952,Alto,False,True,False,False,True
0.2020202020202021,0.0,0.0,0.5555555555555555,0.8272186417228906,Alto,False,False,True,False,True
0.5050505050505051,0.0,0.0,0.2777777777777778,0.6431888065690816,Alto,True,False,False,False,True
0.1717171717171717,0.0,0.0,0.8888888888888888,0.6778006177857139,Alto,False,False,True,True,False
0.43434343434343436,0.0,1.0,0.22222222222222224,0.5525690892634147,Alto,False,False,False,False,False
0.2222222222222222,0.0,1.0,1.0,0.9743239614385033,Alto,False,True,False,True,False
0.5757575757575758,1.0,1.0,0.7222222222222221,0.6135831392981594,Alto,True,False,False,False,True
0.888888888888889,1.0,1.0,0.9444444444444444,0.6092395873690564,Alto,False,False,True,True,False
0.1515151515151515,1.0,0.0,0.8333333333333333,0.5462283770011287,Alto,False,False,False,False,True
0.7373737373737373,0.0,0.0,0.7777777777777777,0.6688351303982483,Alto,False,False,False,True,False
0.4040404040404041,0.0,0.0,0.33333333333333326,0.5685670320795584,Alto,False,True,False,False,False
0.04040404040404044,1.0,1.0,1.0,0.5214081850397432,Alto,False,False,False,False,False
0.44444444444444453,1.0,1.0,0.05555555555555555,0.6071866306237743,Alto,False,True,False,False,True
0.7474747474747475,0.0,0.0,0.7777777777777777,0.6139518402550577,Alto,False,False,False,False,False
0.1515151515151515,1.0,1.0,0.33333333333333326,0.6014366869650756,Alto,False,False,False,False,False
0.7474747474747475,0.0,0.0,0.4444444444444444,0.7606754207526454,Alto,False,True,False,False,True
0.31313131313131315,1.0,1.0,0.5,0.5770520817261391,Alto,False,False,True,True,False
0.97979797979798,1.0,0.0,0.0,0.6516316860185125,Alto,False,False,False,True,False
0.030303030303030276,1.0,0.0,0.7222222222222221,0.5876162131883684,Alto,True,False,False,False,False
0.9696969696969698,1.0,0.0,0.6666666666666666,0.9360023562760589,Alto,True,False,False,False,False
0.3434343434343434,0.0,1.0,0.2777777777777778,0.907509341000609,Alto,False,False,False,False,True
0.1515151515151515,1.0,0.0,0.1111111111111111,0.6335648783277565,Alto,True,False,False,False,True
0.4242424242424243,0.0,1.0,0.0,0.5334107237406769,Alto,False,False,True,False,False
0.16161616161616166,1.0,1.0,0.16666666666666666,0.7524661624223286,Alto,False,False,True,False,True
0.2525252525252526,1.0,0.0,0.9444444444444444,0.6609468649282155,Alto,True,False,False,False,True
0.19191919191919193,0.0,1.0,0.2777777777777778,0.992954333681872,Alto,True,False,False,False,True
0.1717171717171717,0.0,0.0,0.8888888888888888,0.6778006177857139,Alto,False,False,True,True,False
0.6060606060606061,0.0,0.0,0.05555555555555555,0.8042334210582707,Alto,False,True,False,False,True
0.2525252525252526,0.0,0.0,0.4444444444444444,0.8826639944363988,Alto,True,False,False,False,True
0.2828282828282829,0.0,0.0,0.7222222222222221,0.6593102729331259,Alto,False,False,False,False,True
0.11111111111111116,1.0,0.0,0.38888888888888884,0.7550130387367922,Alto,True,False,False,False,False
0.686868686868687,1.0,1.0,0.22222222222222224,0.8529175846103927,Alto,False,False,False,False,False
0.8282828282828284,0.0,0.0,0.7222222222222221,0.8313212426082928,Alto,False,False,True,False,False
0.5555555555555557,1.0,1.0,0.7222222222222221,0.8644165974588589,Alto,False,True,False,False,True
0.4545454545454546,0.0,1.0,0.1111111111111111,0.676177783643019,Alto,False,False,False,False,False
0.5252525252525254,0.0,1.0,0.8888888888888888,0.5693554803763015,Alto,False,False,False,False,True
0.5151515151515152,1.0,0.0,0.7222222222222221,0.7002560510002196,Alto,True,False,False,True,False
0.9494949494949495,1.0,1.0,0.8333333333333333,0.7374795593264982,Alto,False,False,True,False,True
0.21212121212121215,0.0,1.0,0.8888888888888888,0.8891714111948199,Alto,False,False,False,False,False
0.98989898989899,0.0,0.0,0.2777777777777778,0.6080972706101788,Alto,False,False,True,True,False
0.7474747474747475,1.0,1.0,0.6666666666666666,0.9799645019235341,Alto,False,False,True,False,True
0.585858585858586,1.0,1.0,0.2777777777777778,0.7074895208932082,Alto,True,False,False,True,False
0.4949494949494949,1.0,0.0,0.16666666666666666,0.9010622662569847,Alto,False,True,False,False,True
0.6161616161616162,1.0,0.0,0.38888888888888884,0.5679781343227011,Alto,True,False,False,False,True
0.48484848484848486,1.0,0.0,0.7222222222222221,0.5678096794130487,Alto,False,True,False,False,False
0.3434343434343434,0.0,1.0,0.05555555555555555,0.8127418822751873,Alto,False,False,False,False,False
0.6060606060606061,1.0,1.0,0.6666666666666666,0.5061991522186713,Alto,False,False,True,True,False
0.04040404040404044,1.0,1.0,0.7777777777777777,0.9001189564332355,Alto,False,True,False,True,False
0.6161616161616162,1.0,0.0,0.4444444444444444,0.9204630276139427,Alto,False,True,False,False,True
0.686868686868687,0.0,0.0,0.05555555555555555,0.5804960856987771,Alto,False,True,False,True,False
0.6666666666666666,0.0,1.0,0.33333333333333326,0.9825641439127504,Alto,True,False,False,False,False
0.9595959595959597,1.0,0.0,0.7222222222222221,0.5837516336656365,Alto,False,False,False,False,False
0.8585858585858587,1.0,1.0,0.33333333333333326,0.5020070549292179,Alto,True,False,False,False,True
0.9191919191919192,1.0,1.0,0.611111111111111,0.666128142161164,Alto,False,False,False,True,False
0.11111111111111116,1.0,0.0,0.38888888888888884,0.8541131793875179,Alto,False,False,True,True,False
0.7070707070707071,0.0,0.0,0.1111111111111111,0.9612838739464045,Alto,False,False,False,False,False
0.1515151515151515,1.0,1.0,0.33333333333333326,0.6014366869650756,Alto,False,False,False,False,False
0.4040404040404041,0.0,0.0,0.33333333333333326,0.5685670320795584,Alto,False,True,False,False,False
0.9494949494949495,0.0,1.0,0.611111111111111,0.6780082021169773,Alto,False,False,True,False,False
0.33333333333333337,1.0,0.0,0.2777777777777778,0.9447543252096708,Alto,False,True,False,True,False
0.48484848484848486,1.0,0.0,0.2777777777777778,0.5272874198421373,Alto,True,False,False,False,False
0.686868686868687,0.0,0.0,0.05555555555555555,0.5804960856987771,Alto,False,True,False,True,False
0.1717171717171717,1.0,1.0,0.7222222222222221,0.7680241164424759,Alto,False,True,False,False,False
0.3434343434343434,1.0,0.0,0.8888888888888888,0.580362873756719,Alto,False,False,False,False,True
0.8585858585858587,1.0,0.0,0.6666666666666666,0.5128802623884188,Alto,True,False,False,True,False
0.9292929292929294,1.0,0.0,0.9444444444444444,0.9123417648550431,Alto,True,False,False,False,True
0.6767676767676768,0.0,0.0,0.611111111111111,0.8082339937825511,Alto,False,False,True,False,True
0.21212121212121215,1.0,1.0,0.2777777777777778,0.6808552454096606,Alto,False,False,True,False,False
0.888888888888889,1.0,0.0,0.0,0.5789798764682685,Alto,True,False,False,False,False
0.7171717171717172,0.0,1.0,0.05555555555555555,0.9415847087190472,Alto,False,True,False,False,True
0.38383838383838387,0.0,1.0,0.7222222222222221,0.5252112075088926,Alto,False,False,False,False,False
0.4545454545454546,0.0,0.0,0.8333333333333333,0.6015384582298695,Alto,False,False,False,True,False
0.8787878787878788,0.0,1.0,0.611111111111111,0.5265501665096912,Alto,False,True,False,False,True
0.5353535353535354,0.0,1.0,0.611111111111111,0.766347145139674,Alto,False,False,True,True,False
0.7979797979797981,0.0,1.0,0.33333333333333326,0.9417995163147581,Alto,False,True,False,True,False
0.16161616161616166,0.0,1.0,0.33333333333333326,0.7228865707021022,Alto,False,True,False,True,False
0.5656565656565656,1.0,0.0,0.7222222222222221,0.8378526661499848,Alto,True,False,False,True,False
0.2525252525252526,1.0,1.0,0.6666666666666666,0.6849099652852484,Alto,False,False,False,False,False
0.04040404040404044,0.0,0.0,0.8888888888888888,0.5341329780807658,Alto,False,False,False,False,False
0.9393939393939396,0.0,1.0,0.6666666666666666,0.9296910979347914,Alto,True,False,False,False,True
0.6767676767676768,0.0,1.0,0.8888888888888888,0.6733419279045831,Alto,True,False,False,True,False
0.4242424242424243,0.0,1.0,0.0,0.5334107237406769,Alto,False,False,True,False,False
0.888888888888889,0.0,0.0,0.05555555555555555,0.9949889061009625,Alto,True,False,False,False,False
0.29292929292929293,1.0,0.0,0.2777777777777778,0.8988090207837902,Alto,False,True,False,False,True
0.9393939393939396,1.0,0.0,0.22222222222222224,0.8129793842362492,Alto,False,False,False,True,False
0.23232323232323238,0.0,0.0,0.33333333333333326,0.6619794013499329,Alto,False,False,False,True,False
0.12121212121212122,1.0,0.0,0.6666666666666666,0.7334097955868273,Alto,False,False,True,False,False
0.5151515151515152,0.0,0.0,0.22222222222222224,0.9668374234091268,Alto,False,False,True,False,True
0.7373737373737373,0.0,1.0,0.7777777777777777,0.8393529103964608,Alto,True,False,False,True,False
0.29292929292929293,0.0,1.0,0.8888888888888888,0.921596475182868,Alto,False,False,True,False,False
0.9292929292929294,1.0,0.0,0.9444444444444444,0.9123417648550431,Alto,True,False,False,False,True
0.08080808080808077,0.0,0.0,0.05555555555555555,0.5972752125369896,Alto,True,False,False,True,False
0.8181818181818182,1.0,0.0,0.5,0.6045372696024431,Alto,False,False,True,True,False
0.38383838383838387,0.0,1.0,0.16666666666666666,0.7496747158898152,Alto,False,False,False,True,False
0.12121212121212122,1.0,0.0,0.8888888888888888,0.9055459616310382,Alto,False,False,True,False,False
0.9090909090909093,0.0,0.0,0.2777777777777778,0.691703706676368,Alto,False,False,True,False,True
0.9393939393939396,0.0,0.0,0.05555555555555555,0.5990136941758089,Alto,False,True,False,True,False
0.07070707070707072,0.0,0.0,0.7222222222222221,0.756488409446856,Alto,True,False,False,True,False
0.8181818181818182,0.0,1.0,0.16666666666666666,0.9055557531198586,Alto,True,False,False,True,False
0.0,0.0,0.0,0.8888888888888888,0.5154836022847109,Alto,False,False,True,False,False
0.3232323232323233,1.0,0.0,0.16666666666666666,0.6610033466505862,Alto,False,False,True,True,False
0.5757575757575758,0.0,1.0,0.8888888888888888,0.7172014827383153,Alto,False,False,True,False,False
0.8181818181818182,1.0,1.0,0.16666666666666666,0.6510160946567232,Alto,False,False,True,False,False
0.787878787878788,0.0,0.0,0.38888888888888884,0.7340279758709811,Alto,False,False,False,False,False
0.3434343434343434,1.0,1.0,0.6666666666666666,0.9806859393797469,Alto,False,False,True,False,True
0.19191919191919193,0.0,1.0,0.2777777777777778,0.992954333681872,Alto,True,False,False,False,True
0.5757575757575758,1.0,0.0,0.05555555555555555,0.6029944265402136,Alto,False,True,False,False,True
0.98989898989899,0.0,0.0,0.33333333333333326,0.5123351222327832,Alto,True,False,False,True,False
0.3434343434343434,0.0,1.0,0.2777777777777778,0.907509341000609,Alto,False,False,False,False,True
0.030303030303030276,1.0,1.0,0.22222222222222224,0.7846097885773868,Alto,True,False,False,False,False
0.9393939393939396,1.0,1.0,0.33333333333333326,0.7313101462290099,Alto,False,True,False,False,False
0.9595959595959597,1.0,0.0,0.8333333333333333,0.8892674109330958,Alto,False,False,True,True,False
0.9696969696969698,1.0,0.0,0.6666666666666666,0.9360023562760589,Alto,True,False,False,False,False
0.04040404040404044,1.0,1.0,0.7777777777777777,0.9001189564332355,Alto,False,True,False,True,False
0.3535353535353536,0.0,1.0,0.38888888888888884,0.5483494642544124,Alto,False,False,True,False,False
0.8484848484848485,1.0,1.0,0.9444444444444444,0.7327864548988685,Alto,False,True,False,True,False
0.8787878787878788,1.0,0.0,0.9444444444444444,0.67974451454951,Alto,True,False,False,False,True
0.5151515151515152,1.0,0.0,0.7222222222222221,0.7002560510002196,Alto,True,False,False,True,False
0.8989898989898991,0.0,1.0,0.1111111111111111,0.756091044868118,Alto,False,False,False,False,True
0.8080808080808081,1.0,0.0,0.2777777777777778,0.7448509365121587,Alto,False,False,False,False,True
0.3535353535353536,0.0,1.0,0.6666666666666666,0.5203545053768728,Alto,True,False,False,False,True
0.9292929292929294,1.0,0.0,0.9444444444444444,0.5865679690980927,Alto,True,False,False,True,False
0.26262626262626265,1.0,1.0,0.05555555555555555,0.6715416684492179,Alto,False,False,True,True,False
0.7575757575757577,0.0,1.0,0.8888888888888888,0.5500420567926059,Alto,False,False,True,False,False
0.21212121212121215,1.0,1.0,0.2777777777777778,0.6808552454096606,Alto,False,False,True,False,False
0.7373737373737373,0.0,0.0,0.7777777777777777,0.6688351303982483,Alto,False,False,False,True,False
0.1717171717171717,1.0,1.0,0.4444444444444444,0.6934552454229201,Alto,False,True,False,True,False
0.3434343434343434,1.0,0.0,0.8888888888888888,0.580362873756719,Alto,False,False,False,False,True
0.0,0.0,1.0,0.6666666666666666,0.753890145729234,Alto,True,False,False,False,True
0.23232323232323238,1.0,0.0,0.8888888888888888,0.8535349456083872,Alto,False,False,True,True,False
0.04040404040404044,0.0,0.0,0.8888888888888888,0.5341329780807658,Alto,False,False,False,False,False
0.6262626262626264,1.0,1.0,0.2777777777777778,0.8810904963867199,Alto,False,True,False,False,True
0.29292929292929293,0.0,1.0,0.8888888888888888,0.921596475182868,Alto,False,False,True,False,False
0.9595959595959597,0.0,0.0,0.2777777777777778,0.5507722143787643,Alto,True,False,False,False,True
0.5959595959595959,1.0,1.0,0.1111111111111111,0.8238373623833939,Alto,False,True,False,True,False
0.9696969696969698,1.0,1.0,0.9444444444444444,0.8823917593798436,Alto,True,False,False,True,False
0.1717171717171717,0.0,0.0,0.8888888888888888,0.6778006177857139,Alto,False,False,True,True,False
0.5353535353535354,0.0,0.0,0.5,0.6819924447248717,Alto,False,False,True,False,True
0.5555555555555557,0.0,1.0,0.5555555555555555,0.7445562410400848,Alto,True,False,False,False,False
0.0,0.0,0.0,0.8888888888888888,0.5154836022847109,Alto,False,False,True,False,False
0.29292929292929293,0.0,1.0,0.8888888888888888,0.921596475182868,Alto,False,False,True,False,False
0.11111111111111116,1.0,0.0,0.38888888888888884,0.8541131793875179,Alto,False,False,True,True,False
0.36363636363636365,1.0,0.0,0.2777777777777778,0.5903904724409061,Alto,False,False,False,False,False
0.030303030303030276,1.0,0.0,0.8888888888888888,0.9918661809275859,Alto,False,False,False,True,False
0.5252525252525254,1.0,1.0,0.05555555555555555,0.9714500218217519,Alto,False,False,False,False,False
0.7777777777777778,0.0,1.0,0.5555555555555555,0.820251626501513,Alto,False,True,False,False,True
0.3232323232323233,1.0,0.0,0.1111111111111111,0.936456095061811,Alto,False,True,False,True,False
0.4747474747474748,0.0,0.0,0.7777777777777777,0.6995846046095526,Alto,False,False,False,False,True
0.4545454545454546,0.0,0.0,0.8333333333333333,0.6015384582298695,Alto,False,False,False,True,False
0.8686868686868688,1.0,1.0,0.16666666666666666,0.9954203896073541,Alto,False,False,True,False,False
0.21212121212121215,0.0,1.0,0.5,0.990777530466036,Alto,False,True,False,False,False
0.6161616161616162,1.0,0.0,0.33333333333333326,0.6149200486877053,Alto,False,False,True,False,True
0.2525252525252526,0.0,1.0,0.5555555555555555,0.9726998325043097,Alto,True,False,False,False,False
0.11111111111111116,1.0,1.0,0.8333333333333333,0.8215886943133273,Alto,False,False,False,True,False
0.4747474747474748,0.0,0.0,0.6666666666666666,0.9960416148845768,Alto,True,False,False,True,False
0.4747474747474748,1.0,1.0,0.8333333333333333,0.5332930729466263,Alto,False,False,True,False,True
0.3232323232323233,1.0,0.0,0.16666666666666666,0.6610033466505862,Alto,False,False,True,True,False
0.5252525252525254,0.0,1.0,0.1111111111111111,0.8621021984069681,Alto,False,False,False,False,True
0.1717171717171717,0.0,1.0,1.0,0.8823409217023082,Alto,True,False,False,True,False
0.38383838383838387,0.0,0.0,0.1111111111111111,0.6640149444410743,Alto,False,False,False,True,False
0.2525252525252526,0.0,1.0,0.5555555555555555,0.9726998325043097,Alto,True,False,False,False,False
0.08080808080808077,0.0,0.0,0.05555555555555555,0.5972752125369896,Alto,True,False,False,True,False
0.010101010101010166,0.0,1.0,0.4444444444444444,0.6797896139356734,Alto,False,False,True,False,True
0.9494949494949495,1.0,1.0,0.8333333333333333,0.7374795593264982,Alto,False,False,True,False,True
0.44444444444444453,1.0,1.0,0.05555555555555555,0.6071866306237743,Alto,False,True,False,False,True
0.5757575757575758,1.0,0.0,0.7777777777777777,0.6603857617091826,Alto,False,False,False,False,False
0.7474747474747475,1.0,1.0,0.6666666666666666,0.9799645019235341,Alto,False,False,True,False,True
0.04040404040404044,1.0,0.0,0.22222222222222224,0.5900374778495892,Alto,True,False,False,True,False
0.585858585858586,0.0,1.0,0.1111111111111111,0.6904344034889642,Alto,False,False,True,True,False
0.6060606060606061,0.0,0.0,0.1111111111111111,0.8420668367079756,Alto,True,False,False,False,True
0.0,1.0,1.0,0.611111111111111,0.5023088949233969,Alto,True,False,False,True,False
0.29292929292929293,0.0,1.0,0.8888888888888888,0.921596475182868,Alto,False,False,True,False,False
0.6666666666666666,0.0,1.0,0.33333333333333326,0.9825641439127504,Alto,True,False,False,False,False
0.6767676767676768,0.0,0.0,0.8333333333333333,0.6359093680985421,Alto,False,True,False,False,True
0.5555555555555557,0.0,1.0,0.9444444444444444,0.5504868277791863,Alto,False,True,False,False,False
0.8383838383838386,0.0,1.0,0.33333333333333326,0.9816299836581117,Alto,True,False,False,False,True
0.9292929292929294,1.0,0.0,0.9444444444444444,0.5865679690980927,Alto,True,False,False,True,False
0.7474747474747475,1.0,1.0,0.6666666666666666,0.9799645019235341,Alto,False,False,True,False,True
0.3737373737373738,0.0,1.0,0.05555555555555555,0.6734223864172697,Alto,False,False,False,False,False
0.010101010101010166,0.0,0.0,0.9444444444444444,0.5158725526622765,Alto,False,True,False,False,True
0.0,0.0,1.0,0.6666666666666666,0.753890145729234,Alto,True,False,False,False,True
0.18181818181818188,1.0,0.0,0.7777777777777777,0.7314718585899422,Alto,True,False,False,False,False
0.09090909090909094,0.0,0.0,0.38888888888888884,0.6192453150868753,Alto,False,True,False,True,False
0.3535353535353536,0.0,1.0,0.6666666666666666,0.5203545053768728,Alto,True,False,False,False,True
0.16161616161616166,1.0,1.0,0.6666666666666666,0.7712534002321936,Alto,True,False,False,True,False
0.6060606060606061,1.0,1.0,0.6666666666666666,0.5061991522186713,Alto,False,False,True,True,False
0.38383838383838387,0.0,0.0,0.1111111111111111,0.6278514423183053,Alto,True,False,False,False,True
0.888888888888889,0.0,1.0,0.33333333333333326,0.978087496853757,Alto,False,True,False,False,False
0.41414141414141414,0.0,1.0,0.38888888888888884,0.5180681034188201,Alto,False,False,True,True,False
0.26262626262626265,0.0,0.0,0.7777777777777777,0.8289389075386344,Alto,False,True,False,False,False
0.6767676767676768,0.0,0.0,0.8333333333333333,0.6359093680985421,Alto,False,True,False,False,True
0.7777777777777778,1.0,0.0,0.2777777777777778,0.9428419750697279,Alto,False,False,True,False,False
0.9191919191919192,1.0,0.0,0.38888888888888884,0.7825324798489872,Alto,True,False,False,False,True
0.3434343434343434,1.0,1.0,0.6666666666666666,0.9806859393797469,Alto,False,False,True,False,True
0.8383838383838386,0.0,1.0,0.8888888888888888,0.9336395571681386,Alto,True,False,False,True,False
0.11111111111111116,0.0,0.0,0.05555555555555555,0.8490689775401359,Alto,False,True,False,True,False
0.5252525252525254,1.0,0.0,0.4444444444444444,0.8781804040064405,Alto,False,False,False,False,False
1.0,1.0,1.0,0.38888888888888884,0.9959742033210244,Alto,False,False,True,False,True
0.4747474747474748,0.0,0.0,0.7777777777777777,0.6995846046095526,Alto,False,False,False,False,True
0.9696969696969698,1.0,1.0,0.9444444444444444,0.8823917593798436,Alto,True,False,False,True,False
0.2525252525252526,1.0,1.0,0.6666666666666666,0.6849099652852484,Alto,False,False,False,False,False
0.18181818181818188,1.0,0.0,0.7777777777777777,0.7314718585899422,Alto,True,False,False,False,False
0.4545454545454546,1.0,0.0,0.22222222222222224,0.9376883644331115,Alto,True,False,False,True,False
0.9191919191919192,1.0,0.0,0.8888888888888888,0.8476055476416899,Alto,True,False,False,False,True
0.41414141414141414,0.0,1.0,0.38888888888888884,0.5180681034188201,Alto,False,False,True,True,False
0.12121212121212122,1.0,1.0,0.6666666666666666,0.7118527268267112,Alto,True,False,False,False,False
0.6565656565656567,0.0,0.0,0.2777777777777778,0.5017860042603595,Alto,False,False,False,False,True
0.5959595959595959,1.0,1.0,0.1111111111111111,0.8238373623833939,Alto,False,True,False,True,False
0.9090909090909093,0.0,0.0,0.2777777777777778,0.691703706676368,Alto,False,False,True,False,True
0.6161616161616162,0.0,1.0,0.1111111111111111,0.6038923013480721,Alto,False,False,True,False,True
0.04040404040404044,1.0,1.0,1.0,0.5214081850397432,Alto,False,False,False,False,False
0.3232323232323233,1.0,0.0,0.7777777777777777,1.0,Alto,False,True,False,True,False
0.9191919191919192,1.0,0.0,0.8888888888888888,0.8476055476416899,Alto,True,False,False,False,True
0.9595959595959597,1.0,0.0,0.8333333333333333,0.8892674109330958,Alto,False,False,True,True,False
0.9191919191919192,1.0,0.0,0.8888888888888888,0.8476055476416899,Alto,True,False,False,False,True
0.8787878787878788,1.0,1.0,0.22222222222222224,0.9005107575643596,Alto,False,False,False,False,True
0.4242424242424243,0.0,1.0,0.0,0.5334107237406769,Alto,False,False,True,False,False
0.8686868686868688,1.0,1.0,0.16666666666666666,0.9954203896073541,Alto,False,False,True,False,False
0.9191919191919192,1.0,0.0,0.8888888888888888,0.8476055476416899,Alto,True,False,False,False,True
0.6060606060606061,0.0,0.0,0.05555555555555555,0.8042334210582707,Alto,False,True,False,False,True
0.02020202020202022,1.0,1.0,0.7777777777777777,0.6249126345091818,Alto,False,False,False,True,False
0.6969696969696971,0.0,1.0,0.05555555555555555,0.7949462937346947,Alto,False,True,False,True,False
0.2828282828282829,0.0,0.0,0.7222222222222221,0.6593102729331259,Alto,False,False,False,False,True
0.6060606060606061,0.0,1.0,0.611111111111111,0.6064538638828785,Alto,False,False,True,False,False
0.5555555555555557,0.0,1.0,0.5555555555555555,0.7445562410400848,Alto,True,False,False,False,False
0.04040404040404044,0.0,0.0,0.05555555555555555,0.6641312545092877,Alto,False,False,True,False,False
0.6767676767676768,0.0,0.0,0.8333333333333333,0.6359093680985421,Alto,False,True,False,False,True
0.5555555555555557,0.0,1.0,0.9444444444444444,0.5504868277791863,Alto,False,True,False,False,False
0.36363636363636365,0.0,0.0,0.4444444444444444,0.7990129596543114,Alto,True,False,False,False,True
0.9696969696969698,1.0,1.0,0.22222222222222224,0.6056204299750683,Alto,False,False,False,False,True
0.02020202020202022,1.0,1.0,0.7777777777777777,0.6249126345091818,Alto,False,False,False,True,False
0.4040404040404041,0.0,0.0,0.33333333333333326,0.5685670320795584,Alto,False,True,False,False,False
0.3434343434343434,1.0,1.0,0.6666666666666666,0.9806859393797469,Alto,False,False,True,False,True
0.5151515151515152,1.0,0.0,0.7222222222222221,0.7002560510002196,Alto,True,False,False,True,False
0.4747474747474748,0.0,0.0,0.7777777777777777,0.6995846046095526,Alto,False,False,False,False,True
0.16161616161616166,1.0,1.0,0.6666666666666666,0.7712534002321936,Alto,True,False,False,True,False
0.5353535353535354,0.0,1.0,0.0,0.5791158228503606,Alto,False,True,False,False,False
0.1515151515151515,1.0,0.0,0.38888888888888884,0.5847328742585236,Alto,False,False,True,False,False
0.9292929292929294,0.0,0.0,0.7222222222222221,0.9859457114674863,Alto,False,False,True,True,False
0.7373737373737373,1.0,0.0,0.2777777777777778,0.8828154307137921,Alto,False,False,True,False,False
0.4949494949494949,1.0,0.0,0.7777777777777777,0.8524028565146129,Alto,False,False,False,False,True
0.5959595959595959,0.0,1.0,0.33333333333333326,0.7822272275337019,Alto,False,False,True,True,False
0.686868686868687,0.0,1.0,0.9444444444444444,0.9500549078107674,Alto,False,False,False,False,True
0.2222222222222222,1.0,0.0,0.05555555555555555,0.6973662578178359,Alto,False,False,False,True,False
0.8989898989898991,0.0,1.0,0.1111111111111111,0.756091044868118,Alto,False,False,False,False,True
0.9595959595959597,0.0,1.0,0.7777777777777777,0.9578920565601527,Alto,False,True,False,True,False
0.9494949494949495,0.0,1.0,0.611111111111111,0.6780082021169773,Alto,False,False,True,False,False
0.1717171717171717,0.0,0.0,0.16666666666666666,0.8172199341711035,Alto,False,False,True,True,False
0.5959595959595959,1.0,1.0,0.0,0.9256474129042842,Alto,False,False,False,True,False
0.23232323232323238,0.0,1.0,0.611111111111111,0.5041633634771734,Alto,False,False,True,False,True
0.16161616161616166,1.0,1.0,0.6666666666666666,0.7712534002321936,Alto,True,False,False,True,False
0.6060606060606061,1.0,0.0,0.05555555555555555,0.6927197019384104,Alto,False,False,False,False,False
0.98989898989899,1.0,1.0,0.7222222222222221,0.5775868108174063,Alto,False,False,True,False,True
0.0,0.0,1.0,0.5,0.5162397245718395,Alto,True,False,False,True,False
0.08080808080808077,1.0,1.0,0.22222222222222224,0.9771941836265066,Alto,False,False,True,False,False
0.5050505050505051,1.0,1.0,0.5,0.5589686497817736,Alto,False,False,False,True,False
0.38383838383838387,0.0,1.0,0.16666666666666666,0.7496747158898152,Alto,False,False,False,True,False
0.6969696969696971,0.0,0.0,1.0,0.7860218068274867,Alto,False,False,False,False,True
0.8686868686868688,1.0,1.0,0.16666666666666666,0.9954203896073541,Alto,False,False,True,False,False
0.5757575757575758,1.0,1.0,0.4444444444444444,0.6461903766502863,Alto,False,True,False,False,True
0.4545454545454546,1.0,1.0,0.16666666666666666,0.9596240789313017,Alto,False,True,False,False,True
0.0,0.0,0.0,0.05555555555555555,0.5074443179018195,Alto,True,False,False,True,False
0.09090909090909094,0.0,0.0,0.38888888888888884,0.6192453150868753,Alto,False,True,False,True,False
0.23232323232323238,0.0,0.0,0.2777777777777778,0.5517714774398805,Alto,False,False,True,False,False
0.686868686868687,0.0,0.0,0.05555555555555555,0.5804960856987771,Alto,False,True,False,True,False
0.7676767676767678,1.0,0.0,0.16666666666666666,0.6772357961367819,Alto,False,False,False,False,True
0.16161616161616166,1.0,1.0,0.16666666666666666,0.7524661624223286,Alto,False,False,True,False,True
0.36363636363636365,0.0,0.0,0.4444444444444444,0.7990129596543114,Alto,True,False,False,False,True
0.7373737373737373,0.0,0.0,0.7777777777777777,0.6688351303982483,Alto,False,False,False,True,False
0.24242424242424243,1.0,0.0,0.8888888888888888,0.6940571940249285,Alto,False,False,True,False,False
0.02020202020202022,0.0,0.0,0.1111111111111111,0.9073924477725139,Alto,True,False,False,True,False
0.23232323232323238,0.0,0.0,0.2777777777777778,0.5517714774398805,Alto,False,False,True,False,False
0.6262626262626264,1.0,1.0,0.2777777777777778,0.8810904963867199,Alto,False,True,False,False,True
0.08080808080808077,0.0,1.0,0.5555555555555555,0.694758305294177,Alto,False,False,True,True,False
0.9494949494949495,0.0,0.0,0.8333333333333333,0.7577583947313293,Alto,True,False,False,False,True
0.6363636363636364,1.0,1.0,0.7222222222222221,0.8520532450656793,Alto,True,False,False,True,False
0.04040404040404044,0.0,1.0,0.33333333333333326,0.8937598375706362,Alto,False,False,True,False,False
0.3737373737373738,0.0,0.0,0.5555555555555555,0.5900286128170844,Alto,False,False,True,False,False
0.585858585858586,0.0,1.0,0.1111111111111111,0.6904344034889642,Alto,False,False,True,True,False
0.030303030303030276,1.0,1.0,0.05555555555555555,0.8876669182507286,Alto,False,False,True,True,False
0.7070707070707071,0.0,0.0,0.1111111111111111,0.9612838739464045,Alto,False,False,False,False,False
0.19191919191919193,0.0,1.0,0.2777777777777778,0.992954333681872,Alto,True,False,False,False,True
0.7979797979797981,0.0,1.0,0.33333333333333326,0.9417995163147581,Alto,False,True,False,True,False
0.010101010101010166,0.0,1.0,0.6666666666666666,0.8229206345496718,Alto,False,False,True,False,True
0.46464646464646464,1.0,0.0,0.4444444444444444,0.8051870171807818,Alto,True,False,False,False,True
0.5252525252525254,0.0,1.0,0.1111111111111111,0.8621021984069681,Alto,False,False,False,False,True
0.0,1.0,1.0,0.611111111111111,0.5023088949233969,Alto,True,False,False,True,False
0.04040404040404044,0.0,0.0,0.16666666666666666,0.6653280672409978,Alto,False,False,True,False,True
0.3737373737373738,1.0,1.0,0.6666666666666666,0.8201487308199802,Alto,False,False,True,False,True
0.6464646464646465,0.0,0.0,0.16666666666666666,0.864664304128183,Alto,False,False,True,False,False
0.13131313131313138,0.0,1.0,0.2777777777777778,0.9557052165158444,Alto,False,False,True,True,False
0.16161616161616166,1.0,0.0,0.7777777777777777,0.5542778357882865,Alto,False,False,False,False,False
0.787878787878788,0.0,0.0,0.38888888888888884,0.7340279758709811,Alto,False,False,False,False,False
0.5757575757575758,1.0,0.0,1.0,0.5432474639325398,Alto,True,False,False,True,False
0.686868686868687,0.0,0.0,0.05555555555555555,0.5804960856987771,Alto,False,True,False,True,False
0.08080808080808077,1.0,1.0,0.22222222222222224,0.9771941836265066,Alto,False,False,True,False,False
0.7373737373737373,0.0,0.0,0.7777777777777777,0.6688351303982483,Alto,False,False,False,True,False
0.010101010101010166,1.0,1.0,0.7222222222222221,0.5421657841659673,Alto,True,False,False,False,True
0.09090909090909094,1.0,0.0,0.0,0.6994445877995561,Alto,False,False,False,False,False
0.07070707070707072,0.0,0.0,0.9444444444444444,0.5969084727052736,Alto,False,False,True,True,False
0.3535353535353536,0.0,1.0,0.5555555555555555,0.8002878632794828,Alto,False,False,True,True,False
0.6060606060606061,0.0,0.0,0.05555555555555555,0.8042334210582707,Alto,False,True,False,False,True
0.5555555555555557,0.0,1.0,0.9444444444444444,0.5504868277791863,Alto,False,True,False,False,False
0.48484848484848486,1.0,0.0,0.7222222222222221,0.5678096794130487,Alto,False,True,False,False,False
0.1515151515151515,0.0,1.0,0.8333333333333333,0.7030445338769096,Alto,False,True,False,False,True
0.1515151515151515,1.0,1.0,0.611111111111111,0.5759374682737541,Alto,False,True,False,False,True
0.26262626262626265,1.0,0.0,1.0,0.6740402538361447,Alto,False,False,False,True,False
0.8080808080808081,1.0,1.0,0.05555555555555555,0.7596796247625823,Alto,False,True,False,False,True
0.4747474747474748,0.0,0.0,0.7777777777777777,0.6995846046095526,Alto,False,False,False,False,True
0.8787878787878788,0.0,1.0,0.611111111111111,0.5265501665096912,Alto,False,True,False,False,True
0.18181818181818188,1.0,0.0,0.7777777777777777,0.7314718585899422,Alto,True,False,False,False,False
0.787878787878788,0.0,0.0,0.38888888888888884,0.7340279758709811,Alto,False,False,False,False,False
0.02020202020202022,0.0,0.0,0.1111111111111111,0.9073924477725139,Alto,True,False,False,True,False
0.48484848484848486,1.0,0.0,0.7222222222222221,0.5678096794130487,Alto,False,True,False,False,False
0.9191919191919192,1.0,1.0,0.611111111111111,0.666128142161164,Alto,False,False,False,True,False
0.3535353535353536,0.0,1.0,0.38888888888888884,0.5483494642544124,Alto,False,False,True,False,False
0.7373737373737373,1.0,0.0,0.611111111111111,0.7375792474695575,Alto,False,False,True,False,True
0.8383838383838386,0.0,1.0,0.8888888888888888,0.9336395571681386,Alto,True,False,False,True,False
0.2828282828282829,0.0,0.0,0.7222222222222221,0.6593102729331259,Alto,False,False,False,False,True
0.5555555555555557,1.0,1.0,0.6666666666666666,0.7309015141034825,Alto,False,False,True,False,False
0.585858585858586,0.0,0.0,0.6666666666666666,0.6437296550815363,Alto,False,True,False,False,True
0.6161616161616162,1.0,1.0,0.1111111111111111,0.7371608959148779,Alto,True,False,False,False,True
0.010101010101010166,0.0,0.0,0.9444444444444444,0.5158725526622765,Alto,False,True,False,False,True
0.8989898989898991,1.0,0.0,0.7777777777777777,0.8438351358855338,Alto,True,False,False,False,False
0.9191919191919192,1.0,0.0,0.8888888888888888,0.8476055476416899,Alto,True,False,False,False,True
0.6060606060606061,1.0,1.0,0.6666666666666666,0.5061991522186713,Alto,False,False,True,True,False
0.16161616161616166,1.0,1.0,0.16666666666666666,0.7524661624223286,Alto,False,False,True,False,True
0.2222222222222222,1.0,1.0,0.0,0.5741041411971235,Alto,False,True,False,True,False
0.6161616161616162,0.0,1.0,0.5,0.6376181133389105,Alto,False,True,False,True,False
0.44444444444444453,1.0,1.0,0.05555555555555555,0.6071866306237743,Alto,False,True,False,False,True
0.1515151515151515,0.0,1.0,0.8333333333333333,0.7030445338769096,Alto,False,True,False,False,True
0.9393939393939396,1.0,1.0,0.33333333333333326,0.7313101462290099,Alto,False,True,False,False,False
0.010101010101010166,1.0,1.0,0.7222222222222221,0.5421657841659673,Alto,True,False,False,False,True
0.0,1.0,1.0,0.611111111111111,0.5023088949233969,Alto,True,False,False,True,False
0.787878787878788,0.0,0.0,0.38888888888888884,0.7340279758709811,Alto,False,False,False,False,False
0.24242424242424243,0.0,0.0,0.1111111111111111,0.8737196083857379,Alto,False,True,False,False,False
0.0,0.0,0.0,0.05555555555555555,0.5074443179018195,Alto,True,False,False,True,False
0.5252525252525254,0.0,1.0,0.8888888888888888,0.5693554803763015,Alto,False,False,False,False,True
0.24242424242424243,1.0,1.0,0.16666666666666666,0.6944534839605634,Alto,False,False,False,False,True
0.9595959595959597,0.0,0.0,1.0,0.9600541384120553,Alto,False,False,True,True,False
0.7070707070707071,0.0,0.0,0.1111111111111111,0.9612838739464045,Alto,False,False,False,False,False
0.8585858585858587,0.0,1.0,0.8333333333333333,0.5963007909458986,Alto,False,True,False,True,False
0.8282828282828284,0.0,0.0,0.7222222222222221,0.8313212426082928,Alto,False,False,True,False,False
0.29292929292929293,1.0,0.0,0.2777777777777778,0.8988090207837902,Alto,False,True,False,False,True
0.9191919191919192,1.0,1.0,0.611111111111111,0.666128142161164,Alto,False,False,False,True,False
0.2222222222222222,0.0,0.0,0.8888888888888888,0.762647455521986,Alto,False,True,False,False,False
0.9696969696969698,0.0,1.0,0.5,0.6736006793720479,Alto,False,False,False,False,True
0.585858585858586,1.0,1.0,0.2777777777777778,0.7074895208932082,Alto,True,False,False,True,False
0.585858585858586,0.0,0.0,0.6666666666666666,0.6437296550815363,Alto,False,True,False,False,True
0.4747474747474748,1.0,1.0,0.1111111111111111,0.9731030661140208,Alto,False,False,True,False,True
0.23232323232323238,0.0,0.0,0.33333333333333326,0.6619794013499329,Alto,False,False,False,True,False
0.8080808080808081,1.0,0.0,0.2777777777777778,0.7448509365121587,Alto,False,False,False,False,True
0.39393939393939403,1.0,0.0,0.05555555555555555,0.9145133008325848,Alto,False,True,False,False,False
0.48484848484848486,1.0,0.0,0.7222222222222221,0.5678096794130487,Alto,False,True,False,False,False
0.7373737373737373,1.0,0.0,0.611111111111111,0.7375792474695575,Alto,False,False,True,False,True
0.24242424242424243,1.0,1.0,0.16666666666666666,0.6944534839605634,Alto,False,False,False,False,True
0.888888888888889,0.0,0.0,0.05555555555555555,0.9949889061009625,Alto,True,False,False,False,False
0.8181818181818182,1.0,0.0,0.5,0.6045372696024431,Alto,False,False,True,True,False
0.2222222222222222,0.0,0.0,0.5,0.6052404118575854,Alto,False,False,True,True,False
0.2222222222222222,1.0,0.0,0.05555555555555555,0.6973662578178359,Alto,False,False,False,True,False
0.585858585858586,0.0,1.0,0.1111111111111111,0.6904344034889642,Alto,False,False,True,True,False
0.07070707070707072,0.0,0.0,0.7222222222222221,0.756488409446856,Alto,True,False,False,True,False
0.43434343434343436,1.0,0.0,1.0,0.8691165673629273,Alto,True,False,False,False,True
0.2020202020202021,1.0,0.0,0.0,0.9124194675405213,Alto,True,False,False,False,False
0.7676767676767678,1.0,0.0,0.16666666666666666,0.6772357961367819,Alto,False,False,False,False,True
0.07070707070707072,1.0,1.0,0.7222222222222221,0.5488214525522981,Alto,True,False,False,False,False
0.6060606060606061,1.0,0.0,0.05555555555555555,0.6927197019384104,Alto,False,False,False,False,False
0.26262626262626265,0.0,0.0,0.6666666666666666,0.8773512136995267,Alto,False,False,False,True,False
0.6161616161616162,0.0,0.0,0.9444444444444444,0.7086990156604918,Alto,False,False,False,False,True
0.0,0.0,1.0,0.611111111111111,0.9609685552869769,Alto,True,False,False,False,False
0.3232323232323233,1.0,0.0,0.2777777777777778,0.7628033867971737,Alto,False,False,True,False,True
0.010101010101010166,1.0,0.0,1.0,0.6658262031036244,Alto,False,True,False,False,False
0.12121212121212122,1.0,1.0,1.0,0.8344117351345841,Alto,False,False,True,False,False
0.5353535353535354,0.0,0.0,0.5,0.6440457985229726,Alto,False,True,False,False,True
0.888888888888889,1.0,0.0,0.22222222222222224,0.9348001183907024,Alto,False,True,False,True,False
0.5555555555555557,1.0,1.0,1.0,0.7226592363738928,Alto,False,False,True,False,False
0.030303030303030276,1.0,0.0,0.7222222222222221,0.5876162131883684,Alto,True,False,False,False,False
0.9292929292929294,1.0,0.0,0.9444444444444444,0.5865679690980927,Alto,True,False,False,True,False
0.030303030303030276,1.0,0.0,0.1111111111111111,0.9318654820274606,Alto,False,False,False,True,False
0.0505050505050505,0.0,0.0,0.8333333333333333,0.5955176017258539,Alto,True,False,False,True,False
0.39393939393939403,1.0,0.0,0.05555555555555555,0.9145133008325848,Alto,False,True,False,False,False
0.5757575757575758,1.0,0.0,0.7777777777777777,0.6603857617091826,Alto,False,False,False,False,False
0.5050505050505051,1.0,1.0,0.5,0.5589686497817736,Alto,False,False,False,True,False
0.2525252525252526,0.0,1.0,0.5555555555555555,0.9726998325043097,Alto,True,False,False,False,False
0.1515151515151515,1.0,1.0,0.33333333333333326,0.6014366869650756,Alto,False,False,False,False,False
0.07070707070707072,0.0,0.0,0.16666666666666666,0.9377995961968961,Alto,False,False,True,False,True
0.7777777777777778,1.0,1.0,0.8333333333333333,0.8147708067936381,Alto,False,False,True,False,True
0.26262626262626265,1.0,0.0,1.0,0.6740402538361447,Alto,False,False,False,True,False
0.5656565656565656,0.0,0.0,0.7222222222222221,0.7245745516969988,Alto,False,False,False,True,False
0.48484848484848486,1.0,0.0,0.7222222222222221,0.5678096794130487,Alto,False,True,False,False,False
0.02020202020202022,0.0,0.0,0.1111111111111111,0.9073924477725139,Alto,True,False,False,True,False
0.7474747474747475,0.0,0.0,0.1111111111111111,0.7754582244121722,Alto,True,False,False,False,True
0.3434343434343434,0.0,1.0,0.2777777777777778,0.907509341000609,Alto,False,False,False,False,True
0.23232323232323238,1.0,1.0,0.7222222222222221,0.8498346747558729,Alto,False,False,False,False,True
0.23232323232323238,1.0,0.0,0.33333333333333326,0.7355470468380472,Alto,False,True,False,False,False
0.9090909090909093,1.0,0.0,0.33333333333333326,0.9504615510634746,Alto,False,False,False,False,True
0.3434343434343434,1.0,1.0,0.6666666666666666,0.9806859393797469,Alto,False,False,True,False,True
0.6969696969696971,0.0,1.0,0.05555555555555555,0.7949462937346947,Alto,False,True,False,True,False
0.3232323232323233,1.0,0.0,0.2777777777777778,0.7628033867971737,Alto,False,False,True,False,True
0.5555555555555557,1.0,1.0,0.7222222222222221,0.8644165974588589,Alto,False,True,False,False,True
0.8686868686868688,0.0,1.0,0.33333333333333326,0.5981473901162924,Alto,True,False,False,False,False
0.4040404040404041,0.0,0.0,0.611111111111111,0.785146568891611,Alto,True,False,False,False,True
1.0,1.0,0.0,0.2777777777777778,0.5677404312668994,Alto,False,True,False,False,False
0.787878787878788,0.0,0.0,0.38888888888888884,0.7340279758709811,Alto,False,False,False,False,False
0.3434343434343434,1.0,0.0,0.8888888888888888,0.580362873756719,Alto,False,False,False,False,True
0.18181818181818188,1.0,0.0,0.7777777777777777,0.7314718585899422,Alto,True,False,False,False,False
0.8080808080808081,1.0,1.0,0.05555555555555555,0.7596796247625823,Alto,False,True,False,False,True
0.9494949494949495,0.0,1.0,0.611111111111111,0.6780082021169773,Alto,False,False,True,False,False
0.0,0.0,0.0,0.05555555555555555,0.5074443179018195,Alto,True,False,False,True,False
0.12121212121212122,1.0,1.0,0.6666666666666666,0.7118527268267112,Alto,True,False,False,False,False
0.12121212121212122,0.0,1.0,0.05555555555555555,0.8058050339376015,Alto,True,False,False,True,False
0.5252525252525254,1.0,0.0,0.16666666666666666,0.6914801649400004,Alto,True,False,False,False,True
0.26262626262626265,0.0,1.0,0.16666666666666666,0.8301807245636537,Alto,False,True,False,False,True
0.787878787878788,0.0,0.0,0.38888888888888884,0.7340279758709811,Alto,False,False,False,False,False
0.1717171717171717,1.0,1.0,0.7222222222222221,0.7680241164424759,Alto,False,True,False,False,False
0.7777777777777778,1.0,1.0,0.8333333333333333,0.8147708067936381,Alto,False,False,True,False,True
0.010101010101010166,0.0,0.0,0.9444444444444444,0.5158725526622765,Alto,False,True,False,False,True
0.4545454545454546,0.0,1.0,0.1111111111111111,0.676177783643019,Alto,False,False,False,False,False
0.7575757575757577,1.0,0.0,0.33333333333333326,0.6958298824417939,Alto,False,False,False,True,False
0.6262626262626264,0.0,0.0,0.16666666666666666,0.7673091976005364,Alto,True,False,False,False,True
0.5353535353535354,0.0,1.0,0.0,0.5791158228503606,Alto,False,True,False,False,False
0.8080808080808081,1.0,1.0,0.5555555555555555,0.9483166360821855,Alto,False,False,False,True,False
0.585858585858586,0.0,0.0,0.6666666666666666,0.6437296550815363,Alto,False,True,False,False,True
0.8989898989898991,0.0,0.0,0.6666666666666666,0.8758982092045606,Alto,False,True,False,False,True
0.3434343434343434,0.0,0.0,0.1111111111111111,0.9538447652875528,Alto,False,False,False,False,True
0.585858585858586,0.0,1.0,0.1111111111111111,0.6904344034889642,Alto,False,False,True,True,False
0.585858585858586,1.0,1.0,0.7222222222222221,0.8879360910088372,Alto,False,True,False,False,False
0.010101010101010166,0.0,0.0,0.0,0.7588825080626196,Alto,False,False,True,False,False
0.7373737373737373,0.0,1.0,0.7777777777777777,0.8393529103964608,Alto,True,False,False,True,False
0.5959595959595959,0.0,1.0,0.22222222222222224,0.949220382632193,Alto,True,False,False,True,False
0.2828282828282829,0.0,0.0,0.7222222222222221,0.6593102729331259,Alto,False,False,False,False,True
0.0,0.0,1.0,0.33333333333333326,0.5788552082948877,Alto,True,False,False,True,False
0.3434343434343434,0.0,0.0,0.1111111111111111,0.9538447652875528,Alto,False,False,False,False,True
0.19191919191919193,0.0,1.0,0.2777777777777778,0.992954333681872,Alto,True,False,False,False,True
0.48484848484848486,0.0,0.0,0.8888888888888888,0.6617111504402733,Alto,True,False,False,False,False
0.9494949494949495,0.0,1.0,0.611111111111111,0.6780082021169773,Alto,False,False,True,False,False
0.9595959595959597,1.0,1.0,0.8888888888888888,0.9182479309464684,Alto,False,False,False,False,False
0.3535353535353536,1.0,0.0,0.1111111111111111,0.8863490129668212,Alto,False,True,False,False,True
